year,country,area,activity,sex,age,fatal
2018,USA,California,Paddling,F,57,N
2018,USA,Georgia,Standing,F,11,N
2018,USA,Hawaii,Surfing,M,48,N
2018,AUSTRALIA,New South Wales,Surfing,M,,N
2018,MEXICO,Colima,Free diving,M,,N
2018,AUSTRALIA,New South Wales,Kite surfing,M,,N
2018,BRAZIL,Pernambuco,Swimming,M,18,Y
2018,USA,Florida,Fishing,M,52,N
2018,USA,Florida,Walking,M,15,N
2018,USA,Florida,Standing,M,12,N
2018,AUSTRALIA,Queensland,Feeding sharks,M,32,N
2018,USA,South Carolina,Boogie boarding,M,10,N
2018,USA,South Carolina,Swimming,M,10,N
2018,ENGLAND,Cornwall,Fishing,M,21,N
2018,AUSTRALIA,Westerm Australia,Feeding sharks,F,34,N
2018,SOUTH AFRICA,Eastern Cape Province,Surfing,M,,N
2018,AUSTRALIA,New South Wales,Surfing,M,,N
2018,THAILAND,Hua Hin,Swimming,M,,N
2018,COSTA RICA,Cocos Island,Scuba diving,M,30,N
2018,AUSTRALIA,Western Australia,Surfing,M,,N
2018,AUSTRALIA,New South Wales,Surfing,M,,N
2018,AUSTRALIA,Western Australia,Surfing,M,60,N
2018,AUSTRALIA,Western Australia,Surfing,M,,N
2018,MALDIVES,Alifu Alifu Atoll,Fishing,M,32,N
2018,SOUTH AFRICA,Western Cape Province,Paddle-skiing,M,33,N
2018,USA,Hawaii,Body boarding,M,29,N
2018,THAILAND,Hua Hin,Swimming,M,54,N
2018,BRAZIL,Pernambuco,Swimming,M,34,No informed
2018,AUSTRALIA,Western Australia,Surfing,M,41,N
2018,AUSTRALIA,Western Australia,Surfing,M,37,N
2018,BAHAMAS,New Providence,Surfing,M,,N
2018,BRAZIL,Alagoas,Fishing,M,56,N
2018,NEW CALEDONIA,,Windsurfing,,,N
2018,BAHAMAS,,Swimming,M,12,N
2018,SOUTH AFRICA,Eastern Cape Province,Surfing,M,19,N
2018,USA,Hawaii,Stand-Up Paddleboarding,M,25,N
2018,AUSTRALIA,Western Australia,Wading,M,10,N
2018,AUSTRALIA,Victoria,Swimming,M,69,N
2018,AUSTRALIA,Victoria,Surfing,M,18,N
2018,SOUTH AFRICA,KwaZulu-Natal,Scuba Diving,M,38,N
2018,AUSTRALIA,New South Wales,Swimming,F,55,N
2018,AUSTRALIA,Victoria,Kayak fishing for sharks,M,34,N
2018,AUSTRALIA,New South Wales,Walking,M,35,N
2018,AUSTRALIA,Queensland,Swimming,F,,N
2018,BRAZIL,"Boi Island, Victoria",Cleaning fish,F,46,N
2018,ECUADOR,Galapagos Islands,Snorkeling,M,45,N
2018,AUSTRALIA,Western Australia,Spearfishing,M,14,N
2018,AUSTRALIA,Western Australia,,M,18,N
2018,NEW CALEDONIA,,Spearfishing,M,40s,N
2018,AUSTRALIA,Queensland,Diving,M,,N
2018,AUSTRALIA,New South Wales,Free diving,M,28,N
2018,BRAZIL,Fernando de Noronha,Surfing,M,20,N
2018,AUSTRALIA,Western Australia,Surfing,M,,N
2017,USA,Hawaii,Surfing,F,54,N
2017,USA,California,Surfing,F,35,N
2017,MALAYSIA,Sepang,Fishing / Wading,M,24,N
2017,BAHAMAS,,Snorkeling,F,25,N
2017,COSTA RICA,Cocos Island,Scuba Diving,M,26,N
2017,COSTA RICA,Cocos Island,Scuba diving,F,49,Y
2017,LIBYA,,2 boats capsized,,,Y
2017,USA,California,Spearfishing,M,25,N
2017,USA,Florida,Surfing,F,14,N
2017,AUSTRALIA,New South Wales,Surfing,M,25,N
2017,CUBA,Holquin Province,Night bathing,M,22,Y
2017,AUSTRALIA,Queensland,Snorkeling,M,7,N
2017,AUSTRALIA,New South Wales,Surfing,M,31,N
2017,USA,Hawaii,Stand-Up Paddleboarding,M,,N
2017,MAURITIUS,Pamplemousses ,Swimming,M,,N
2017,USA,Florida,Surfing ,M,17,N
2017,USA,Florida,Swimming,F,60,N
2017,AUSTRALIA,South Australia,Kayaking / Fishing,F,15,N
2017,NEW ZEALAND,North Island,Kayaking,M,,N
2017,USA,Florida,Swimming,M,,N
2017,USA,Hawaii,Surfing,M,54,N
2017,USA,Hawaii,Snorkeling,F,40,N
2017,SOUTH AFRICA,Western Cape Province,Scuba Diving,M,31,No informed
2017,USA,Florida,Surfing,M,,N
2017,AUSTRALIA,Western Australia,Surfing,M,,N
2017,USA,New York,Surfing,M,33,No informed
2017,USA,Florida,Surfing,M,,N
2017,USA,Florida,Surfing,M,,N
2017,SPAIN,Canary Islands,Body surfing,M,13,N
2017,USA,Florida,Surfing,M,28,N
2017,SOUTH AFRICA,Western Cape Province,Scuba Diving,M,25,No informed
2017,SAMOA, Upolu Island,Fishing,M,,N
2017,AUSTRALIA,Westerm Australia,Fishing,,,N
2017,USA,Florida,Surfing,M,18,N
2017,AUSTRALIA,Westerm Australia,Swimming,M,,N
2017,AUSTRALIA,New South Wales,Surfing,M,35,N
2017,SOLOMON ISLANDS,,Spearfishing,M,,N
2017,SOUTH AFRICA,Western Cape Province,"Swimming, poaching abalone",M,,Y
2017,JAPAN,Shizuoka Prefecture,Surfing,M,42,N
2017,USA,Florida,Swimming,M,,N
2017,USA,Texas,Swimming,F,,N
2017,USA,Florida,Surfing,M,17,N
2017,AUSTRALIA,Victoria,Surfing,M,37,N
2017,USA,Florida,Wading,F,3,N
2017,SPAIN,Castellón,Swimming,F,11,No informed
2017,NEW ZEALAND,North Island,Canoeing,M,,N
2017,USA,Massachusetts,SUP,M,69,N
2017,BAHAMAS,,Spearfishing,M,,N
2017,USA,South Carolina,Swimming,M,13,N
2017,EGYPT,Red Sea Protectorate,Snorkeling,F,20,N
2017,USA,Massachusetts,Fishing,M,34,N
2017,USA,California,Kayaking / Fishing,M,,N
2017,USA,Florida,Skimboarding,M,15,N
2017,USA,South Carolina,Swimming,M,10,No informed
2017,USA,South Carolina,,F,12,N
2017,BAHAMAS,New Providence District,Snorkeling,F,,N
2017,BAHAMAS,40 miles off Grand Bahama Island,Spearfishing,M,,N
2017,"ST HELENA, British overseas territory",Ascension Island,Surfing,M,37,N
2017,USA,New Jersey,,F,,N
2017,SPAIN,Majorca,Swimming,F,,N
2017,USA,Florida,,F,40,N
2017,USA,South Carolina,Swimming,F,8,No informed
2017,USA,California,Kayaking,M,40,N
2017,USA,California,SUP,M,50,N
2017,USA,Washington,Surfing,M,,N
2017,AUSTRALIA,Western Australia,Surfing,M,,N
2017,USA,California,Kayaking,M,,N
2017,USA,Florida,Swimming,M,46,N
2017,MEXICO,Tabasco,Fishing,M,32,N
2017,SOUTH AFRICA,Eastern Cape Province,Surfing,F,13,N
2017,COMOROS,Anjouan,Fishing,,,No informed
2017,USA,South Carolina,Fishing,M,,No informed
2017,USA,South Carolina,Swimming,F,16,N
2017,USA,Florida,Surfing,M,,N
2017,USA,South Carolina,Swimming,F,14,N
2017,REUNION,,Body boarding,M,34,N
2017,SPAIN,Ibiza Island,Swimming,M,82,N
2017,FRENCH POLYNESIA,Marquesas,Surfing,M,,N
2017,BAHAMAS,,Feeding sharks,F,,N
2017,AUSTRALIA,Western Australia,Body boarding,M,48,N
2017,AUSTRALIA,Victoria,Surfing,F,,N
2017,USA,Florida,Surfing,M,19,N
2017,UNITED KINGDOM,South Devon,Surfing ,M,30,N
2017,USA,Florida,Spearfishing,M,,N
2017,BAHAMAS,New Providence ,Snorkeling,F,32,N
2017,USA,South Carolina,Touching a shark,F,20,N
2017,USA,Florida,Feeding sharks,M,,N
2017,AUSTRALIA,New South Wales,Fishing ,M,73,N
2017,UNITED ARAB EMIRATES,"Sharjah, ",Spearfishing,M,41,N
2017,AUSTRALIA,Queensland,Attempting to lasso a shark,M,29,N
2017,MEXICO,Baja California Sur,Snorkeling,M,33,Y
2017,USA,California,Surfing,F,18,No informed
2017,USA,California,Swimming,F,,N
2017,SOUTH AFRICA,Western Cape Province,Surfing,M,14,N
2017,USA,South Carolina,Surfing,F,33,N
2017,REUNION,Saint-Leu,Body boarding,M,28,Y
2017,NEW ZEALAND,South Island,Body boarding,F,20s,N
2017,USA,Florida,Photo shoot,F,,No informed
2017,"ST HELENA, British overseas territory",Ascension Island,Snorkeling,F,40,N
2017,USA,South Carolina,Swimming,M,,No informed
2017,USA,Florida,,,,N
2017,AUSTRALIA,Western Australia,Surfing,F,17,Y
2017,USA,Hawaii,Surfing,M,28,N
2017,USA,Florida,Surfing,M,17,N
2017,USA,Florida,Surfing,F,,N
2017,SOUTH AFRICA,KwaZulu-Natal,Scuba Diving,M,68,No informed
2017,USA,Florida,Surfing,F,35,N
2017,USA,Florida,Paddle boarding,F,10,N
2017,USA,Florida,Swimming,F,21,N
2017,USA,Florida,Swimming,M,16,N
2017,USA,Florida,Swimming,F,51,N
2017,AUSTRALIA,Queensland,Kakaying,M,39,N
2017,USA,Florida,Swimming,F,17,N
2017,USA,Florida,Surfing,M,58,N
2017,AUSTRALIA,New South Wales,Body boarding,M,30,N
2017,USA,California,Kayaking,M,,N
2017,PHILIPPINES,Luzon Island,Spearfishing,M,25,N
2017,BAHAMAS,Great Exuma,Washing hands,M,58,N
2017,AUSTRALIA,Western Australia,Snorkeling,F,,N
2017,AUSTRALIA,Western Australia,Surfing,M,,N
2017,REUNION,Saint-Andre,Body boarding,M,26,Y
2017,AUSTRALIA,Queensland,Spearfishing,M,26,N
2017,USA,Florida,Swimming,M,22,N
2017,BRAZIL,Pernambuco,Grabbing shark for a selfie,F,,N
2017,SOUTH AFRICA,KwaZulu-Natal,Kayak fishing,M,,N
2017,USA,South Carolina,Tagging sharks,,,N
2017,BAHAMAS,Bimini,Scuba Diving,M,37,N
2017,BRAZIL,Pernambuco,Swimming,M,21,N
2017,USA,Florida,,M,Teen,N
2017,AUSTRALIA,Queensland,Scuba Diving,M,55,N
2017,AUSTRALIA,Queensland,Swimming,M,57,N
2017,USA,Florida,,M,,N
2017,INDONESIA,Bali,Surfing,M,48,N
2017,USA,Florida,Wading,M,47,N
2017,AUSTRALIA,New South Wales,Wading,M,20,No informed
2016,USA,Florida,Surfing,M,16,N
2016,AUSTRALIA,Western Australia,Snorkeling,F,,N
2016,SOUTH AFRICA,Western Cape Province,Surf skiing ,M,55,N
2016,AUSTRALIA,Western Australia,Free diving,M,61,N
2016,FRENCH POLYNESIA,Tuamotos,Fishing,M,40s,N
2016,USA,Florida,Surfing,M,19,No informed
2016,AUSTRALIA,New South Wales,Surf fishing,M,20,N
2016,AUSTRALIA,New South Wales,Surfing,M,65,N
2016,AUSTRALIA,Victoria,Fishing,M,73,N
2016,USA,Hawaii,Floating,F,58,N
2016,USA,Florida,Surfing,M,41,N
2016,USA,Florida,Surfing,M,42,N
2016,AUSTRALIA,New South Wales,Surfing,M,36,N
2016,USA,Hawaii,Surfing,M,36,N
2016,AUSTRALIA,Queensland,Surfing,M,,N
2016,USA,Hawaii,Snorkeling,F,66,N
2016,MEXICO,,Cage Diving,M,,No informed
2016,AUSTRALIA,New South Wales,Surfing,M,25,N
2016,USA,Oregon,Surfing,M,29,N
2016,USA,Florida,Surfing,M,21,N
2016,USA,Florida,Surfng,M,32,N
2016,AUSTRALIA,New South Wales,Surfing,M,17,N
2016,USA,Florida,Surfing,M,16,N
2016,USA,Florida,Surfing,M,36,N
2016,USA,Florida,Surfing,M,43,N
2016,USA,California,Surfing,M,43,N
2016,AUSTRALIA,Victoria,Surfing,M,,N
2016,AUSTRALIA,Victoria,Surfing,M,,N
2016,AUSTRALIA,Western Australia,Fishing,,,N
2016,USA,Florida,Wading,M,60s,N
2016,USA,Hawaii,Swimming,F,51,N
2016,NEW CALEDONIA,North Province,Kite surfing,M,50,Y
2016,USA,South Carolina,Boogie boarding,F,12,N
2016,AUSTRALIA,Western Australia,Surfing,M,,N
2016,USA,Florida,Body boarding,M,9,N
2016,USA,California,Spearfishing,M,22,N
2016,USA,Florida,Surfing,M,25,N
2016,USA,Florida,Surfing,M,37,N
2016,REUNION,,Surfing,M,20,N
2016,USA,Florida,Wading,M,49,N
2016,BAHAMAS,New Providence Island,Snorkeling,M,15,N
2016,USA,Hawaii,SUP Foil boarding,M,21,N
2016,USA,Florida,Surfing,M,22,N
2016,SPAIN,Alicante Province,Swimming,M,40,N
2016,CHINA,Hong Kong,Swimming,M,72,N
2016,AUSTRALIA,Western Australia,Kayaking,M,,N
2016,USA,Florida,Lobstering,M,43,N
2016,AUSTRALIA,New South Wales,Surfing,M,18,N
2016,JAPAN,Kochi Prefecture,Surfing,M,29,N
2016,AUSTRALIA,Tasmania,Surfing,M,36,N
2016,BAHAMAS,Abaco Islands,Spearfishing,M,,N
2016,AUSTRALIA,Queensland,Fishing,M,31,N
2016,USA,Alabama,Fishing in Alabama Deep Fishing Rodeo,,,N
2016,USA,Florida,Surfing,F,9,N
2016,USA,Florida,,F,11,N
2016,USA,California,Kite surfing,M,61,N
2016,USA,South Carolina,Swimming,M,,N
2016,BAHAMAS,,Scuba Diving,M,,N
2016,SPAIN,Canary Islands,Wading,F,10,N
2016,USA,California,Fishing for squid,M,,N
2016,USA,Massachusetts,Fishing,M,59,N
2016,USA,California,Fishing for sharks,M,,N
2016,USA,Florida,Swimming,F,42,N
2016,AUSTRALIA,Queensland,Fishing,M,34,N
2016,USA,South Carolina,,M,35,N
2016,USA,North Carolina,Surfing,M,11,N
2016,COLUMBIA,Isla Provedencia,Scuba Diving,M,59,N
2016,SOUTH AFRICA,Western Cape Province,Spearfishing,M,43,N
2016,USA,South Carolina,Floating,M,42,N
2016,USA,Florida,Wading,M,,N
2016,USA,Hawaii,Surfing,M,,N
2016,AUSTRALIA,Western Australia,Spearfishing,M,19,N
2016,USA,Texas,Floating in tube,F,6,N
2016,USA,North Carolina,Standing,M,19,N
2016,USA,South Carolina,Surfing,M,27,No informed
2016,USA,Florida,Swimming,M,64,N
2016,AUSTRALIA,Western Australia,Diving,F,60,Y
2016,EGYPT,Suez,Swimming,M,23,N
2016,AUSTRALIA,New South Wales,Spearfishing,M,,No informed
2016,NEW CALEDONIA,,Kite surfing,M,,N
2016,AUSTRALIA,Western Australia,Surfing,M,29,Y
2016,USA,California,Swimming,F,52,N
2016,USA,Florida,Swimming,M,13,N
2016,USA,Florida,Swimming,F,57,N
2016,USA,Florida,Swimming,F,22,N
2016,USA,Florida,Swimming,F,11,N
2016,USA,Florida,Swimming,M,48,N
2016,USA,Florida,Teasing a shark,F,23,N
2016,USA,Hawaii,Floating,M,59,N
2016,NEW ZEALAND,North Island,Fishing,M,39,N
2016,INDONESIA,Bali,Surfing,M,24,N
2016,USA,Florida,Surfing,M,15,N
2016,SOUTH AFRICA,Western Cape Province,Surf-skiing,M,,N
2016,AUSTRALIA,New South Wales,Swimming,M,12,N
2016,FRENCH POLYNESIA,Tuamotos,Spearfishing,M,22,M
2016,FRENCH POLYNESIA,Tuamotos,Spearfishing,M,26,N
2016,USA,Florida,Spearfishing,M,26,N
2016,NEW CALEDONIA,Grand Terre,Walking,F,69,Y
2016,CAPE VERDE,Boa Vista Island,,M,60,No informed
2016,USA,Florida,Fishing,M,34,N
2016,USA,Florida,SUP,M,,No informed
2016,USA,Hawaii,Snorkeling,F,46,N
2016,AUSTRALIA,New South Wales,Surfing,M,22,N
2016,USA,Florida,,M,Teen,No informed
2016,AUSTRALIA,New South Wales,Surfing,M,41,N
2016,BAHAMAS,,,M,9,N
2016,USA,California,Surfing,,,No informed
2016,USA,Florida,Body surfing,M,19,N
2016,Fiji,Vanua Levu,Diving for beche-de-mer,M,45,Y
2016,USA,Florida,,M,12,N
2016,AUSTRALIA,South Australia,Fishing,M,,N
2016,BRAZIL,Santa Catarina State,Swimming,M,41,N
2016,NEW CALEDONIA,South Province,Kite surfing,M,21,N
2016,NEW CALEDONIA,South Province,Spearfishing,M,31,N
2016,DOMINICAN REPUBLIC,Altagracia Province,Wading,F,,N
2016,CAYMAN ISLANDS,Grand Cayman,Feeding stingrays?,M,65,No informed
2016,AUSTRALIA,Tasmania,Surfing,M,,No informed
2016,AUSTRALIA,Queensland,Walking,F,45,N
2016,AUSTRALIA,New South Wales,Windsurfing,M,40,N
2016,BRAZIL,Balneário Camboriú,Swimming,M,41,N
2016,SOUTH AFRICA,KwaZulu-Natal,Kayak fishing,M,,N
2016,USA,Hawaii,Surfing,M,,N
2016,USA,Hawaii,Surfing,F,15,N
2016,USA,Texas,Spearfishing,M,,N
2016,UNITED ARAB EMIRATES,Fujairah Emirate,Fishing,M,,N
2016,USA,Hawaii,Paddle boarding,M,48,N
2016,AUSTRALIA,Queensland,Surfing,M,,N
2016,AUSTRALIA,Queensland,Wading,M,11,N
2016,AUSTRALIA,Queensland,Spearfishing,M,31,N
2015,SOUTH AFRICA,KwaZulu-Natal,Kayak Fishing,M,,N
2015,SPAIN,Grand Canary Island,Swimming,F,38,N
2015,USA,Hawaii,Paddle boarding,M,71,N
2015,AUSTRALIA,New South Wales,Surfing,M,43,N
2015,BRAZIL,Pernambuco,Scuba diving,M,32,N
2015,ARUBA,,Sea disaster,M,58,Y
2015,AUSTRALIA,New South Wales,Fishing,,,N
2015,BAHAMAS,,Lobster fishing,M,26,N
2015,SOUTH AFRICA,Eastern Cape Province,Swimming / Wading,F,22,N
2015,ECUADOR,Galapagos Islands,Snorkeling,M,55,N
2015,USA,Florida,Surfing,M,,N
2015,USA,Florida,Swimming,F,,N
2015,USA,Florida,Surfing,M,28,N
2015,AUSTRALIA,New South Wales,Surfing,M,20,N
2015,USA,Florida,Surfing,F,9,No informed
2015,USA,Hawaii,Swimming,M,54,N
2015,USA,Florida,Wading,F,28,N
2015,MOZAMBIQUE,Inhambane Province,Fishing,M,19,N
2015,AUSTRALIA,Western Australia,Spearfishing,M,50,N
2015,USA,Hawaii,Body boarding,M,10,N
2015,SOUTH AFRICA,Western Cape Province,Surfing,M,42,N
2015,USA,Florida,Surfing,M,21,N
2015,USA,Florida,Surfing,M,21,N
2015,MOZAMBIQUE,Inhambane Province,Fishing for shrimp,F,35,Y
2015,USA,Hawaii,Surfing,M,32,No informed
2015,USA,Hawaii,Swimming,M,44,N
2015,USA,California,Kayak Fishing,M,,N
2015,USA,South Carolina,Boogie boarding,F,9,N
2015,USA,Hawaii,Surfing,M,25,N
2015,MOZAMBIQUE,Inhambane Province,Fishing,M,,N
2015,AUSTRALIA,Western Australia,Surfing,M,18,N
2015,USA,Florida,Body boarding,M,22,N
2015,USA,Texas,Wading,M,13,N
2015,USA,Florida,Surfing,M,14,N
2015,USA,Florida,Surfing,M,22,N
2015,AUSTRALIA,Queensland,Snorkeling,F,7,N
2015,USA,California,Kayak fishing,M,,N
2015,USA,Florida,Surfing,M,14,N
2015,USA,Hawaii,Spearfishing,M,27,N
2015,USA,Florida,Wading,M,12,N
2015,USA,Florida,Photographing fish,M,16,N
2015,USA,California,Kayak Fishing,M,,N
2015,USA,Florida,Swimming,M,,N
2015,USA,Florida,Surfing,M,20,N
2015,AUSTRALIA,New South Wales,Surfing,M,42,N
2015,USA,California,Stand-Up Paddleboarding,F,50,N
2015,USA,California,Kayak Fishing,M,29,N
2015,AUSTRALIA,New South Wales,Surf-skiing,M,62,N
2015,USA,South Carolina,,M,,N
2015,THAILAND,Phuket,Wading,F,37,N
2015,FIJI,,Spearfishing,M,,N
2015,USA,California,Surfing,F,54,N
2015,USA,California,Surfing,M,21,N
2015,USA,Florida,,M,,No informed
2015,AUSTRALIA,New South Wales,Surfing,M,38,N
2015,USA,South Carolina,Surfing,M,15,N
2015,USA,Florida,Walking,F,10,N
2015,USA,California,Kayak Fishing,M,22,N
2015,SPAIN,Alicante,Swimming,M,10,No informed
2015,USA,California,Spearfishing,M,57,N
2015,AUSTRALIA,New South Wales,Surfing,M,52,N
2015,COSTA RICA,Guanacaste,Surfing,M,47,N
2015,AUSTRALIA,Victoria,Surfing,M,40,No informed
2015,USA,Florida,Surfing,M,25,N
2015,USA,South Carolina,Floating,F,35,No informed
2015,AUSTRALIA,Tasmania,Scallop diving on hookah,M,46,Y
2015,USA,California,Kayak Fishing,M,31,N
2015,AUSTRALIA,Victoria,Surfing,M,40,N
2015,REUNION,,Surfing,M,45,N
2015,SOUTH AFRICA,Eastern Cape Province,Surfing,M,34,N
2015,USA,California,Surfing,M,38,N
2015,USA,California,Treading water,M,39,No informed
2015,FRENCH POLYNESIA,Bora Bora,Swimming,M,,No informed
2015,BAHAMAS,Grand Bahama Island,Spearfishing,F,23,N
2015,USA,North Carolina,,M,32,N
2015,AUSTRALIA,New South Wales,Surfing,M,52,N
2015,AUSTRALIA,New South Wales,Body boarding ,M,32,N
2015,USA,North Carolina,Swimming,M,68,N
2015,AUSTRALIA,New South Wales,Surfing,M,,N
2015,USA,South Carolina,Playing in the water,M,12,N
2015,USA,North Carolina,Swimming,M,18,N
2015,SOUTH AFRICA,Western Cape Province,Body Boarding,M,19,N
2015,USA,Florida,Swimming,F,,No informed
2015,SOUTH AFRICA,Western Cape Province,Surfing,M,23,N
2015,USA,South Carolina,Standing,M,43,N
2015,AUSTRALIA,Western Australia,Swimming,M,19,N
2015,USA,North Carolina,Body surfing?,M,47,N
2015,USA,North Carolina,Swimming,M,6,N
2015,AUSTRALIA,Western Australia,Surfing,F,37,N
2015,USA,South Carolina,Standing,M,9,N
2015,PUERTO RICO,,Spearfishing,M,36,N
2015,USA,Florida,Swimming,M,10,N
2015,USA,North Carolina,Wading,M,16,N
2015,USA,North Carolina,Wading,F,12,N
2015,USA,California,,F,,N
2015,USA,North Carolina,Boogie boarding,F,13,N
2015,USA,Florida,Playing,M,11,N
2015,USA,Florida,Attempting to rescue a shark,F,17,N
2015,REUNION,Le Port,Surfing,M,47,N
2015,USA,Florida,Standing,F,14,N
2015,USA,Florida,Wading,F,19,N
2015,FRENCH POLYNESIA,Rangiroa,Spearfishing,M,19,N
2015,USA,Florida,Swimming,F,13,N
2015,USA,Florida,Surfing,M,18,N
2015,USA,South Carolina,,M,30,N
2015,NEW CALEDONIA,,Snorkeling,M,50,Y
2015,USA,Florida,Swimming,M,,N
2015,AUSTRALIA,New South Wales,Surfing,M,,N
2015,SOUTH AFRICA,Eastern Cape Province,Diving,M,29,N
2015,USA,Hawaii,Snorkeling,F,65,Y
2015,USA,Florida,Wading,M,63,N
2015,AUSTRALIA,South Australia,Surfing,M,26,N
2015,AUSTRALIA,New South Wales,Surf skiing ,M,71,N
2015,USA,Florida,Photographing the shark,M,48,N
2015,REUNION,Saint-Gilles-les-Bains,Surfing,M,13,Y
2015,AUSTRALIA,New South Wales,Paddle boarding,M,,N
2015,USA,Florida,Spearfishing,M,70,N
2015,ITALY,Sardinia,Diving,M,43,No informed
2015,BRAZIL,Pernambuco,Surfing,M,23,No informed
2015,SOUTH AFRICA,Eastern Cape Province,Kayak Fishing,M,36,N
2015,EGYPT,,Swimming,M,52,Y
2015,USA,Hawaii,Standing / Snorkeling,M,58,N
2015,FRENCH POLYNESIA,Bora Bora,Hand feeding sharks,M,9,N
2015,AUSTRALIA,New South Wales,Fishing,M,,N
2015,MEXICO,Sinaloa,Fishing,M,36,N
2015,FRENCH POLYNESIA,Central Tuamotu,Sitting in the water,M,18 months,N
2015,ATLANTIC OCEAN,,Transatlantic Rowing,,,N
2015,REUNION,dÉtang-Salé,Swimming,F,22,Y
2015,AUSTRALIA,New South Wales,Surfing,M,41,Y
2015,AUSTRALIA,New South Wales,Surfing,M,35,N
2015,AUSTRALIA,New South Wales,Bodysurfing,M,,N
2015,AUSTRALIA,Queensland,Rowing,M,57,N
2015,USA,Hawaii,Shark fishing,M,20,N
2015,AUSTRALIA,New South Wales,Surfing,M,,N
2015,SOUTH AFRICA,Eastern Cape Province,Floating,M,24,N
2015,USA,Florida,Fishing,M,,N
2015,AUSTRALIA,New South Wales,Surfing & filming dolphins,F,,No informed
2015,AUSTRALIA,New South Wales,Fishing,M,,N
2015,AUSTRALIA,New South Wales,Filming,M,17,N
2015,USA,Florida,Swimming after falling overboard,M,38,No informed
2015,BAHAMAS,Abaco Islands,Snorkeling,F,34,N
2015,SOUTH AFRICA,Eastern Cape Province,Surfing,M,15,N
2015,USA,Florida,,M,12,N
2014,AUSTRALIA,New South Wales,Surfing,,,N
2014,AUSTRALIA,Western Australia,Spearfishing,M,17,Y
2014,GREECE,,,,,N
2014,SOUTH AFRICA,KwaZulu-Natal,Swimming,,,No informed
2014,USA,California,Surfing,M,50,N
2014,AUSTRALIA,Victoria,Fishing,M,40s,N
2014,JAPAN,,Diving / Filming,M,,N
2014,AUSTRALIA,Queensland,Spearfishing,M,17,Y
2014,SPAIN,Granada,Fishing for blue sharks,M,,N
2014,AUSTRALIA,Western Australia,Surfing,M,13,N
2014,MAURITIUS,Cargados Carajos Shoals (St. Brandon),Fishing,M,39,Y
2014,AUSTRALIA,Western Australia,Fishing,M,,N
2014,USA,California,,,,N
2014,USA,Florida,Surfing,M,44,N
2014,USA,Hawaii,Snorkeling,M,53,N
2014,AUSTRALIA,New South Wales,Surfing,M,,N
2014,USA,Florida,Surfing,M,18,N
2014,USA,Hawaii,Surfing,F,34,N
2014,AUSTRALIA,New South Wales,Surfing,M,20,N
2014,USA,Hawaii,Stand-Up Paddleboarding,F,,N
2014,USA,Hawaii,Stand-Up Paddleboarding,M,,N
2014,USA,California,Canoeing,F,,N
2014,USA,Hawaii,Surfing,M,,N
2014,AUSTRALIA,New South Wales,Surfing,F,13,N
2014,USA,South Carolina,Standing in inner tube,F,7,N
2014,USA,Florida,Body surfing or Boogie boarding,F,,N
2014,AUSTRALIA,Western Australia,Kayaking,M,,N
2014,USA,Florida,Surfing,M,29,N
2014,USA,Florida,Fishing,F,40,N
2014,USA,Florida,Surfing,M,15,N
2014,USA,California,Kayaking,M,,N
2014,USA,California,Kayaking ,M,,N
2014,USA,California,Surfing,M,28,N
2014,AUSTRALIA,Western Australia,Surfing,M,23,N
2014,USA,Florida,Surfing,M,,N
2014,FRENCH POLYNESIA,Moorea,Feeding fish,F,36,N
2014,USA,California,Surfing,M,,No informed
2014,AUSTRALIA,New South Wales,Swimming,M,50,Y
2014,USA,Alabama,Fishing ,M,43,N
2014,USA,Massachusetts,Kayaking ,F,20s,N
2014,USA,Florida,Fishing,M,52,N
2014,SPAIN,Catalonia,Playing with an air mattress,M,16,N
2014,USA,Florida,Body surfing,F,13,N
2014,USA,Florida,Surfing,M,17,N
2014,USA,Florida,,,,No informed
2014,USA,Maryland,Fishing,M,33,N
2014,SPAIN,Alicante,Swimming,F,30s,N
2014,USA,North Carolina,Surfing,M,29,N
2014,USA,South Carolina,Standing,F,,N
2014,USA,Florida,Fishing for sharks,M,,N
2014,USA,North Carolina,Kite boarding,,,N
2014,AUSTRALIA,Western Australia,Spearfishing,M,31,N
2014,USA,Florida,Standing,M,,N
2014,USA,Florida,,M,26,N
2014,BAHAMAS,,Spearfishing,M,,N
2014,USA,Florida,Swimming,F,10,N
2014,USA,Louisiana,Swimming,M,7,N
2014,USA,South Carolina,Boogie boarding,M,10,N
2014,USA,Florida,Swimming,F,45,N
2014,USA,Florida,Surfing,M,50s,N
2014,USA,Florida,Boogie boarding,M,8,N
2014,SOUTH AFRICA,Western Cape Province,Surfing,M,20,N
2014,USA,North Carolina,Swimming,M,Teen,N
2014,REUNION,Saint-Leu,Surfing,M,51,N
2014,USA,Florida,Standing,M,8,N
2014,SPAIN,Canary Islands,Wading,,,N
2014,USA,Hawaii,Swimming,M,61,N
2014,USA,Florida,Swimming,M,39,N
2014,BAHAMAS,West End,Shark diving,M,63,No informed
2014,USA,North Carolina,Body surfing,M,,N
2014,USA,Florida,Surfing,M,14,N
2014,USA,California,Swimming,M,,N
2014,USA,California,Surfing,M,,N
2014,USA,South Carolina,Body surfing,M,19,N
2014,ST. MARTIN,,Transatlantic Rowing,M,48,N
2014,BAHAMAS,Abaco Islands,Spearfishing,M,42,N
2014,AUSTRALIA,South Australia,Surfing,M,,N
2014,AUSTRALIA,South Australia,Body boarding,M,15,N
2014,AUSTRALIA,Western Australia,Petting a shark,M,,N
2014,BRAZIL,,Fishing,M,43,N
2014,USA,Delaware,Standing,M,16,N
2014,AUSTRALIA,South Australia,Body boarding,M,39,N
2014,JAPAN,Atsumi peninsula,Surfing,M,43,N
2014,USA,Texas,Kneeling in the water,F,14,N
2014,USA,Florida,Swimming,F,22,N
2014,AUSTRALIA,New South Wales,Surfing,M,,N
2014,USA,Palmyra Atoll,Tagging sharks,F,37,N
2014,AUSTRALIA,Queensland,Fell into the water,F,29,N
2014,FRANCE,Wallis and Futuna,Scuba diving,M,,N
2014,AUSTRALIA,New South Wales,Teasing a shark,M,10,N
2014,USA,Florida,Body boarding,F,38,N
2014,AUSTRALIA,South Australia,Surfing,M,35,N
2014,USA,Florida,Wading,F,44,N
2014,USA,Georgia,Surfing,M,12,N
2014,USA,Florida,Diving,M,,No informed
2014,USA,South Carolina,Swimming,F,40,N
2014,SOUTH AFRICA,Western Cape Province,Diving,,,N
2014,USA,Florida,Surfing,M,23,N
2014,AUSTRALIA,Western Australia,Spearfishing,M,,N
2014,USA,Florida,Swimming,M ,42,N
2014,USA,Florida,Wading,M,25,N
2014,SOUTH AFRICA,,Shark watching,,,N
2014,SOUTH AFRICA,Eastern Cape Province,Fishing,M,,N
2014,USA,Florida,Surfing,M,teen,N
2014,USA,Florida,Surfing,M,teen,N
2014,AUSTRALIA,New South Wales,Swimming,F,63,Y
2014,AUSTRALIA,Western Australia,Diving for lobsters,M,38,No informed
2014,SOUTH AFRICA,Eastern Cape Province,Swimming,M,66,Y
2014,USA,Florida,Kite Surfing,M,,N
2014,USA,Florida,Surfing,M,9,N
2014,NEW CALEDONIA,Baie de Sainte-Marie,Kite Surfing,M,42,N
2014,AUSTRALIA,Victoria,Surfing,M,42,N
2014,AUSTRALIA,New South Wales,,F,10,No informed
2014,AUSTRALIA,New South Wales,Swimming,M,,N
2014,CAYMAN ISLANDS,,Scuba diving / culling lionfish,M,,No informed
2014,USA,Florida,Surfing,M,21,N
2014,FRENCH POLYNESIA,Society Islands,Kitesurfing,M,21,N
2014,PAPUA NEW GUINEA,,Sailing,M,21,N
2014,AUSTRALIA,South Australia,Spearfishing / Free diving,M,28,Y
2014,TRINIDAD & TOBAGO,Trinidad,Fishing,M,,N
2014,NEW ZEALAND,South Island,Surfing,M,28,N
2014,AUSTRALIA,New South Wales,Fishing,M,,N
2014,NEW ZEALAND,South Island,Spearfishing,M,24,N
2014,JAPAN,Okinawa Prefecture,Sea disaster,M,31,N
2014,USA,Hawaii,Free diving / Photographing pilot whales,M,,N
2014,NEW ZEALAND,,Filming a documentary,,,N
2013,NEW CALEDONIA,North Province,Snorkeling,M,37,N
2013,SOUTH AFRICA,Western Cape Province,Surfing,M,19,N
2013,KIRIBATI,740 miles SE of Tarawa Atoll,Attempting to remove fishing net from submerged object,M,35,N
2013,USA,Hawaii,Boogie boarding,M,29,N
2013,USA,Florida,Surfing,M,30,N
2013,AUSTRALIA,New South Wales,Surfing,M,26,N
2013,USA,Hawaii,Kayaking / Fishing,M,57,Y
2013,AUSTRALIA,New South Wales,Body boarding,M,19,Y
2013,USA,Hawaii,Snorkeling,F,58,N
2013,AUSTRALIA,Western Australia,Surfing,M,35,Y
2013,USA,Oregon,Surfing,M,25,N
2013,AUSTRALIA,Western Australia,Surfing,M,,N
2013,BAHAMAS,,Shark fishing,M,77,N
2013,USA,New Jersey,Body boarding,M,16,N
2013,USA,Florida,Surfing,M,,N
2013,USA,Hawaii,Kiteboarding,M,46,N
2013,AUSTRALIA,Western Australia,Snorkeling,F,60,N
2013,REUNION,dÉtang-Salé,Body boarding,M,24,N
2013,AUSTRALIA,Western Australia,Diving for crayfish,M,,N
2013,AUSTRALIA,New South Wales,Surfing,M,41,N
2013,USA,Hawaii,Diving ,M,45,N
2013,USA,Hawaii,Surfing,M,25,N
2013,USA,Florida,Wading,M,6,N
2013,SOUTH AFRICA,Eastern Cape Province,Swimming / snorkeling,M,74,Y
2013,AUSTRALIA,Western Australia,Diving for Abalone,M,55,N
2013,USA,California,Surfing,M,45,N
2013,USA,Florida,Wading,M,12,N
2013,USA,Florida,Surfing,M,50,N
2013,ISRAEL,Southern District,Diving,M,27,N
2013,USA,Florida,Standing,M,7,N
2013,USA,Florida,Swimming,M,45,N
2013,USA,Florida,Surfing,M,,N
2013,USA,Florida,Swimming,M,21,N
2013,USA,Florida,Surfing,F,13,N
2013,USA,South Carolina,,F,,UNKNOWN
2013,USA,Florida,Surfing,M,43,N
2013,USA,Florida,Standing,M,25,N
2013,USA,Florida,Swimming,M,17,N
2013,USA,Florida,,M,3,N
2013,USA,Florida,Casting a net,M,9,N
2013,BAHAMAS,,Spearfishing,M,,N
2013,USA,California,Swimming,M,,N
2013,USA,California,Marathon swimming,F,47,No informed
2013,FRANCE,Bay of Biscay,Longline fishing for sharks,M,50,N
2013,USA,Florida,Boogie boarding,F,11,N
2013,AUSTRALIA,New South Wales,Wrangling a shark,M,,N
2013,USA,Hawaii,Surfing,M,16,N
2013,USA,California,Surfing,F,,N
2013,USA,Hawaii,Snorkeling,F,20,Y
2013,USA,Hawaii,Kiteboarding,F,19,N
2013,USA,South Carolina,Surfing,M,10,N
2013,SOUTH AFRICA,,Attempting to free the shark,M,,N
2013,USA,Florida,Fishing,M,17,N
2013,USA,Hawaii,Snorkeling,F,56,N
2013,USA,South Carolina,Swimming,M,32,N
2013,BAHAMAS,Abaco Islands,Spearfishing,M,40,N
2013,MEXICO,Quintana Roo,Wading,F,,N
2013,USA,Hawaii,Surfing,M,18,N
2013,BAHAMAS,Exuma Islands,Cleaning fish,M,64,N
2013,BAHAMAS,Abaco Islands,Diving,M,50,N
2013,BRAZIL,Pernambuco,Swimming,F,18,Y
2013,USA,Alabama,Walking in surf,F,50,N
2013,USA,Florida,Swimming ,M,teen,N
2013,REUNION,Saint-Paul,Swimming & snorkeling,F,15,Y
2013,DIEGO GARCIA,,Swimming,M,33,Y
2013,USA,North Carolina,Wading,F,63,N
2013,SPAIN,Catalonia,Swimming,M,48,No informed
2013,AUSTRALIA,Victoria,Body surfing,M,29,N
2013,TAIWAN,Taitung ,Fishing,M,,N
2013,JAMAICA,Kingston Parish,,M,20,No informed
2013,USA,California,Kayaking / Fishing,M,,N
2013,USA,Florida,Swimming,M,,N
2013,USA,South Carolina,Swimming,M,14,N
2013,USA,Hawaii,Swimming,M,28,N
2013,USA,Texas,Swimming,M,15,N
2013,SOUTH AFRICA,Eastern Cape Province,Surfing,M,,N
2013,USA,Florida,Surfing,F,,N
2013,USA,South Carolina,Boogie Boarding,F,10,N
2013,USA,Florida,Fishing for sharks,M,58,N
2013,AUSTRALIA,New South Wales,Surfing,M,,N
2013,USA,Hawaii,Diving,M,32,N
2013,USA,Florida,Swimming,M,11,N
2013,BRAZIL,Pernambuco,,M,41,Y
2013,PALESTINIAN TERRITORIES,,Fishing,M,30,N
2013,ECUADOR,Santa Cruz Island,Surfing,M,29,N
2013,USA,California,Surfing,M,42,No informed
2013,REUNION,Saint-Gilles,Body boarding,M,36,Y
2013,USA,Florida,Surfing,M,16,N
2013,AUSTRALIA,New South Wales,Fishing,M,,N
2013,MEXICO,Quintana Roo,Swimming,F,34,N
2013,AUSTRALIA,New South Wales,Fishing,M,51,N
2013,USA,Florida,Playing in the surf,M,9,N
2013,SOUTH AFRICA,Western Cape Province,Free diving,M,,N
2013,USA,Florida,Surfing,M,21,N
2013,GUAM,,,M,40,Y
2013,FRENCH POLYNESIA,Tuamotus,Kite boarding,M,53,N
2013,USA,Florida,Swimming,M,50,N
2013,AUSTRALIA,Western Australia,,M,24,No informed
2013,USA,Hawaii,Surfing,M,58,N
2013,AUSTRALIA,New South Wales,Surfing,M,47,No informed
2013,SEYCHELLES,,Free diving,M,34,N
2013,BELIZE,,Snorkeling,F,,N
2013,BAHAMAS,Eleuthera,Fly fishing,M,50,N
2013,SOUTH AFRICA,Western Cape Province,Fishing - 'tag & release',M,30,N
2013,SOUTH AFRICA,Western Cape Province,Surfing,M,,N
2013,JAMAICA,St. Catherine,Spearfishing,M,68,Y
2013,AUSTRALIA,Western Australia,Spearfishing,M,28,N
2013,PHILIPPINES,Palawan,Swimming to shore with floatioon devices after boat engine conked out,M,28 & 26,N
2013,SOUTH AFRICA,Eastern Cape Province,Swimming,M,39,N
2013,NEW ZEALAND,North Island,Swimming,M,46,Y
2013,USA,Hawaii,Surfing,,,N
2013,USA,Hawaii,Surfing,M,,N
2013,USA,Florida,Surfing,M,16,N
2013,FRENCH POLYNESIA,Society Islands,Scuba diving,M,48,N
2013,JAMAICA,Kingston Parish,,M,18,N
2013,AUSTRALIA,Victoria,Fishing,M,,N
2013,AUSTRALIA,Queensland,Surfing,M,,N
2013,AUSTRALIA,Queensland,Dragging stranded shark into deeper water,M,62,No informed
2013,USA,Hawaii,Surfing,M,43,N
2013,NEW ZEALAND,Mercury Islands,Spearfishing,M,,N
2013,AUSTRALIA,Western Australia,Spearfishing / Free diving,M,26,N
2012,USA,Florida,Swimming,M,,N
2012,AUSTRALIA,New South Wales,Surfing,M,23,N
2012,AUSTRALIA,New South Wales,Paddle boarding,M,29,N
2012,SOUTH AFRICA,Eastern Cape Province,Swimming,M,20,Y
2012,AUSTRALIA,Western Australia,Surfing,M,32,N
2012,USA,Hawaii,Surfing,M,60,N
2012,AUSTRALIA,New South Wales,Spearfishing,M,31,N
2012,NEW ZEALAND,South Island,Scuba diving,F,25,N
2012,USA,Hawaii,Snorkeling,M,61,N
2012,AUSTRALIA,Queensland,,M,20,No informed
2012,MEXICO,Sinaloa,Swimming,M,32,Y
2012,USA,Florida,Surfing,M,14,N
2012,USA,Hawaii,Diving,M,30,N
2012,USA,Hawaii,Surfing,M,43,N
2012,USA,California,Surfing,M,25,N
2012,USA,Hawaii,Swimming,F,51,N
2012,USA,California,Surfing,M,39,Y
2012,USA,Florida,,F,35,N
2012,USA,Florida,Surfing,M,24,N
2012,USA,Hawaii,Paddle boarding,M,55,N
2012,USA,Florida,,M,,No informed
2012,NIGERIA,Delta,Bathing,F,38,N
2012,USA,California,Windsurfing,M,42,N
2012,AUSTRALIA,Western Australia,Bodyboarding,M,11,N
2012,USA,Florida,Surfing,M,21,N
2012,USA,Florida,Surfing,M,22,N
2012,USA,Florida,Surfing,M,52,N
2012,TONGA,Vava'u,Swimming,F,29,N
2012,USA,Florida,Surfing,,19,N
2012,USA,Florida,Surfing,M,25,N
2012,USA,Florida,Swimming,M,,N
2012,USA,Florida,Surfing,M,30s,N
2012,USA,Florida,Surfing,M,37,N
2012,USA,Florida,Surfing,M,32,N
2012,USA,Florida,Boogie boarding,F,8,N
2012,USA,Hawaii,Spearfishing,,,N
2012,USA,Florida,Swimming or boogie boarding,F,56,N
2012,SCOTLAND,Inner Hebrides,Shark fishing,M,53,N
2012,AUSTRALIA,Western Australia,Surfing,M,34,N
2012,BRAZIL,Pernambuco,Swimming,M,18,Y
2012,USA,Alabama,Wading or swimming,M,31,N
2012,AUSTRALIA,Western Australia,Fishing,,,N
2012,USA,Florida,Free diving ,M,56,N
2012,REUNION,Saint Leu,Surfing,M,39,N
2012,FRENCH POLYNESIA,Tuamotus,Spearfishing,M,,N
2012,USA,California,Surfing,M,17,N
2012,AUSTRALIA,South Australia,Surfing,M,48,N
2012,USA,Hawaii,Surfing,M,44,N
2012,USA,Massachusetts,Body surfing,M,50,N
2012,USA,North Carolina,,M,12,No informed
2012,REUNION,Trois-Bassins,Surfing,M,22,Y
2012,TRINIDAD & TOBAGO,Trinidad,Swimming,M,24,No informed
2012,CANADA,British Colombia,Surfing,F,23,No informed
2012,AUSTRALIA,Western Australia,Surfing,M,24,Y
2012,USA,North Carolina,Swimming,F,43,N
2012,BAHAMAS,Eleuthera,Spearfishing,M,,N
2012,AUSTRALIA,Victoria,Scuba diving,F,42,No informed
2012,USA,California,Kayaking,M,52,N
2012,SOUTH AFRICA,Western Cape Province,Surfing,M,29,N
2012,CROATIA,,Swimming,,60,No informed
2012,USA,Florida,Swimming,M,6,N
2012,USA,Florida,Surfing,M,26,N
2012,USA,Hawaii,Sitting in the water,F,16,N
2012,AUSTRALIA,Tasmania,Surfing,M,,N
2012,USA,Florida,Swimming,M,12,N
2012,AUSTRALIA,Western Australia,Surf skiing ,M,62,N
2012,USA,South Carolina,Standing,M,16,No informed
2012,USA,North Carolina,Wading,F,6,N
2012,USA,Florida,Fishing,M,23,N
2012,USA,South Carolina,Swimming,F,18,N
2012,USA,South Carolina,Swimming,M,,N
2012,USA,South Carolina,Swimming,M,,N
2012,USA,South Carolina,Swimming,M,16,N
2012,AUSTRALIA,Victoria,Surfing,M,42,N
2012,ITALY,Sardinia,Attempting to rescue an injured & beached shark,M,57,2017
2012,AUSTRALIA,New South Wales,Surf skiing ,M,30,N
2012,USA,Florida,Surfing,F,12,N
2012,USA,South Carolina,Boogie Boarding,M,25,N
2012,USA,North Carolina,Wading,F,33,N
2012,MEXICO,Guerrero,Free diving / spearfishing,M,46,N
2012,USA,Florida,Surfing,M,22,N
2012,USA,Hawaii,Kayak Fishing,M,,N
2012,FIJI,,Spearfishing,M,20,N
2012,USA,California,Kayaking / Fishing,M,30,N
2012,USA,Florida,Swimming,F,47,N
2012,USA,California,Paddle boarding,F,15,N
2012,USA,Florida,Surfing,M,28,N
2012,SOUTH AFRICA,Western Cape Province,Body boarding,M,20,Y
2012,AUSTRALIA,South Australia,Kayaking,M,27,N
2012,USA,Hawaii,Surfing,M,28,N
2012,USA,Florida,,M,,N
2012,AUSTRALIA,Western Australia,Scuba diving,M,33,Y
2012,USA,Florida,Surfing,M,21,N
2012,AUSTRALIA,Western Australia,Crayfishing,,,N
2012,AUSTRALIA,Queensland,Surfing,M,20,N
2012,USA,Florida,Surfing,M,61,N
2012,USA,Florida,Surfing,F,15,N
2012,USA,Florida,Surfing,M,17,N
2012,NEW ZEALAND,North Island,Surfing,M,,N
2012,AUSTRALIA,Victoria,"Diving, feeding sharks",F,34,N
2012,REUNION,Saint-Benoit,Body boarding,M,31,N
2012,USA,Florida,Kite Surfing,M,19,N
2012,SAUDI ARABIA,Tabuk Province,Attempting to Kite surf from Egypt to Saudi Arabia,M,42,No informed
2012,CHILE,Antofagasta Province,Fishing (illegally),M,,N
2012,USA,Florida,Kite Surfing,M,,N
2012,AUSTRALIA,New South Wales,Fishing,M,,N
2012,SOUTH AFRICA,Western Cape Province,Fishing,,,N
2012,AUSTRALIA,Queensland,Surfing,M,29,N
2012,USA,Hawaii,Snorkeling,,,N
2012,AUSTRALIA,Western Australia,Snorkeling,M,26,N
2012,BAHAMAS,,"Diving, photographing sharks",M,,N
2012,TAIWAN,Taitung ,Fishing,M,24,N
2012,AUSTRALIA,New South Wales,Surfing,M,44,N
2012,SOUTH AFRICA,Eastern Cape Province,Swimming,M,25,Y
2012,USA,Oregon,Surfing,M,53,N
2012,AUSTRALIA,New South Wales,Surfing,M,28,N
2012,AUSTRALIA,Queensland,Spearfishing,M,34,N
2011,USA,Florida,,M,,N
2011,ANTIGUA,St John's,Swimming,M,,No informed
2011,ECUADOR,Santa Elena,Surfing,M,23,N
2011,USA,Florida,Surfing,M,27,N
2011,USA,Hawaii,Canoeing,M,,N
2011,SOUTH AFRICA,Eastern Cape Province,Kayak Fishing,M,35,N
2011,AUSTRALIA,New South Wales,Surfing,M,51,N
2011,SOUTH AFRICA,KwaZulu-Natal,Surf skiing ,M,,No informed
2011,AUSTRALIA,New South Wales,Surfing,M,14,N
2011,USA,Oregon,Surfing,F,,N
2011,AUSTRALIA,Queensland,Spearfishing,,,No informed
2011,AUSTRALIA,New South Wales,Surfing,M,63,N
2011,INDONESIA,Bali,Surfing,M,18,N
2011,AUSTRALIA,Queensland,Swimming,M,10,N
2011,USA,California,Kayaking,M,,N
2011,PAPUA NEW GUINEA,East New Britain,Scuba diving,M,,N
2011,BRAZIL,Pernambuco,Surfing,M,35,N
2011,REUNION,Bois-Blanc ,Free diving / spearfishing,M,42,N
2011,USA,California,Surfing,M,27,N
2011,SCOTLAND,Moray,Surfing,M,26,N
2011,SOUTH AFRICA,KwaZulu-Natal,Diving,,,N
2011,AUSTRALIA,Western Australia,Diving,M,32,Y
2011,USA,Oregon,Surfing,M,41,N
2011,AUSTRALIA,Victoria,Diving,M,50,N
2011,USA,Florida,Surfing,M,,N
2011,USA,Oregon,Surfing,M,,N
2011,AUSTRALIA,Western Australia,Swimming,M,64,Y
2011,REUNION,,Canoeing,M,51,N
2011,USA,Florida,Wade fishing,M,,N
2011,USA,Alabama,,M,29,N
2011,USA,Puerto Rico,Surfing,M,27,No informed
2011,DOMINICAN REPUBLIC,Samaná Province,Fishing,M,48,N
2011,SOUTH AFRICA,Western Cape Province,Swimming,M,43,N
2011,USA,Florida,Spearfishing,M,21,N
2011,USA,South Carolina,Jumping in the waves,M,5,N
2011,USA,Hawaii,Canoeing,M,,N
2011,REUNION,Saint-Gilles,Body boarding,M,38,Y
2011,KENYA,Coast Province,Swimming,M,17,Y
2011,USA,Florida,Surfing,M,25,N
2011,USA,California,Surfing,M,37,N
2011,PAPUA NEW GUINEA,Central Province,Kite Surfing,M,30,N
2011,USA,Hawaii,Surfing,,,N
2011,AUSTRALIA,Western Australia,Body boarding,M,21,Y
2011,USA,Florida,Surfing,M,19,N
2011,USA,Florida,Surfing,M,19,N
2011,AUSTRALIA,Queensland,Swimming,M,48,No informed
2011,USA,Texas,Wade Fishing,F,39,N
2011,RUSSIA,Primorsky Krai,"Standing, collecting sea stars",M,,N
2011,USA,North Carolina,Surfing,M,21,N
2011,USA,North Carolina,,M,10,N
2011,SOUTH AFRICA,Western Cape Province,Surfing,M,49,Y
2011,RUSSIA,"Peter the Great Bay, Khasan, Primorsky Krai (Far East)",Swimming,M,16,N
2011,USA,North Carolina,Wading,F,20s,N
2011,USA,North Carolina,,M,12,No informed
2011,RUSSIA,"Telyakovsky Bay, Khasan,  Primorsky Krai (Far East)",Swimming,M,25,N
2011,FRENCH POLYNESIA,Society Islands,Surfing,M,32,N
2011,USA,Puerto Rico,Floating ,M,27,N
2011,SEYCHELLES,Praslin,Swimming or Snorkeling,M,30,Y
2011,USA,South Carolina,Playing in the surf,M,7,N
2011,USA,North Carolina,Swimming,M,54,N
2011,SEYCHELLES,Praslin,Diving,M,36,Y
2011,BRAZIL,Pernambuco,Swimming,M,14,No informed
2011,PHILIPPINES,,Sea disaster,M,43,N
2011,USA,New Jersey,Wade Fishing,M,,N
2011,SOUTH AFRICA,Eastern Cape Province,Surfing,M,29,N
2011,USA,North Carolina,Boogie Boarding,F,6,N
2011,REUNION,Saint-Gilles,Kayaking or Wave skiing,M,,N
2011,USA,Texas,Surf fishing,M,,N
2011,BAHAMAS,Grand Bahama Island,Scuba diving,M,54,N
2011,USA,Texas,Swimming,M,12,N
2011,USA,Texas,Wade Fishing,M,14,N
2011,REUNION,Saint-Gilles,Surfing,M,16,N
2011,COLUMBIA,Sucre,Kayaking,M,17,N
2011,TURKS & CAICOS,Middle Caicos,Snorkeling,M,28,N
2011,BRAZIL,Pernambuco,Surfing,M,21,N
2011,SOUTH AFRICA,KwaZulu-Natal,Scuba diving,M,22,N
2011,USA,North Carolina,Playing in the surf,F,10,N
2011,USA,California,Surfing,M,,N
2011,USA,Florida,Jet skiing,M,20,N
2011,TURKS & CAICOS,Caicos Bank,Spearfishing,M,35,N
2011,COSTA RICA,Guanacaste,Surfing,M,15,Y
2011,REUNION,Saint-Gilles-les-Bains,Boogie Boarding,M,31,Y
2011,UNITED KINGDOM,Cornwall,Fishing,,,N
2011,USA,Florida,Scuba diving,M,28,N
2011,COLUMBIA,San Andrés archipelago,Spearfishing,M,24,N
2011,USA,California,Spearfishing,M,28,N
2011,USA,Florida,Wading,M,19,N
2011,MALAYSIA,Kedah,Snorkeling,F,,N
2011,USA,Texas,Standing or boogie boardin,F,22,N
2011,SOUTH AFRICA,Western Cape Province,Surfing,M,33,N
2011,USA,Hawaii,Surfing,F,,N
2011,USA,Hawaii,Paddle boarding,F,,N
2011,SOUTH AFRICA,KwaZulu-Natal,Spearfishing,M,28,Y
2011,USA,Florida,Body surfing,M,86,N
2011,NEW CALEDONIA,North Province,Kite Boarding,M,15,Y
2011,USA,Florida,Surfing,M,37,N
2011,USA,Florida,Fishing ,M,,N
2011,UNITED ARAB EMIRATES (UAE),Umm al Qaywayan Province,Fishing ,M,43,No informed
2011,SOUTH AFRICA,KwaZulu-Natal,Spearfishing,M,37,N
2011,USA,Florida,Spearfishing,M,32,N
2011,AUSTRALIA,Western Australia,Washing sand off a speared fish,M,17,N
2011,USA,Florida,Surfing ,M,49,N
2011,NEW ZEALAND,South Island,Surfing,M,41,N
2011,INDONESIA,Bali,Surfing,M,,N
2011,FIJI,Vitu Levu,Diving,M,27,N
2011,USA,Texas,"Standing, holding shark pup",M,,N
2011,MEXICO,Quintana Roo,Swimming,F,,N
2011,AUSTRALIA,New South Wales,Surfing,M,48,N
2011,MEXICO,Quintana Roo,Swimming,M,46,N
2011,FIJI,,Diving / fishing,M,30,N
2011,AUSTRALIA,New South Wales,Wakeboarding,F,24,N
2011,EGYPT,South Sinai Peninsula,,F,,No informed
2011,AUSTRALIA,New South Wales,Surfing,M,,N
2011,AUSTRALIA,Queensland,Fishing,M,36,N
2011,NEW CALEDONIA, Loyalty Islands,Spearfishing,M,21,N
2011,REUNION,Saint Gilles ,Surfing,M,32,N
2011,AUSTRALIA,South Australia,Diving for abalone,M,49,Y
2011,AUSTRALIA,Queensland,Fishing,M,,N
2011,AUSTRALIA,Western Australia,Snorkeling,M,58,N
2011,MEXICO,Colima,Shark fishing on the Ricardo Astorga,M,,N
2011,SOUTH AFRICA,Eastern Cape Province,Surf fishing,M,37,N
2011,MEXICO,Quintana Roo,Swimming,F,38,N
2011,MEXICO,Colima,Shark fishing on the Don Agustín-VI. ,M,25,N
2011,BAHAMAS,West End,Scuba diving,M,55,N
2011,AUSTRALIA,New South Wales,Swimming,F,7,No informed
2011,SOUTH AFRICA,Eastern Cape Province,Surfing,M,16,Y
2011,MEXICO,Quintana Roo,Attempting to fix motor,M,37,N
2011,AUSTRALIA,Western Australia,Fishing,,,N
2010,USA,Hawaii,Body boarding,M,16,N
2010,FIJI,Vitu Levu,Surfing,M,,N
2010,USA,Hawaii,Surfing,M,46,N
2010,EGYPT,South Sinai Peninsula,Snorkeling,F,70,Y
2010,INDONESIA,Bali,Surfing,M,,N
2010,EGYPT,South Sinai Peninsula,Snorkeling,M,54,N
2010,EGYPT,South Sinai Peninsula,Snorkeling,M,46,N
2010,EGYPT,South Sinai Peninsula,Snorkeling,F,70,N
2010,EGYPT,South Sinai Peninsula,Snorkeling,F,48,N
2010,SAMOA,,Fishing,M,47,N
2010,AUSTRALIA,Western Australia,Swimming,M,,No informed
2010,USA,Palmyra Atoll,Snorkeling,M,33,N
2010,DOMINICAN REPUBLIC,,Diving,M,21,Y
2010,INDONESIA,Bali,Surfing,M,,N
2010,AUSTRALIA,Western Australia,Fishing,M,,N
2010,AUSTRALIA,Western Australia,Snorkeling,F,20,N
2010,AUSTRALIA,Western Australia,Spearfishing,M,,N
2010,USA,Oregon,Surfing,M,,N
2010,AZORES,,Fishing,M,,N
2010,USA,Maine,Scuba diving,M,30,N
2010,AUSTRALIA,Western Australia,Kite Surfing,M,14,N
2010,USA,California,Body boarding,M,19,Y
2010,EGYPT,South Sinai Peninsula,Snorkeling,F,,N
2010,AUSTRALIA,New South Wales,Surfing,M,22,N
2010,BAHAMAS,Exuma Islands,Snorkeling,M,,N
2010,BAHAMAS,Abaco Islands,Surfing,F,,N
2010,SOUTH AFRICA,Western Cape Province,Surfing,M,Teen,N
2010,USA,Oregon,Surfing,M,29,N
2010,USA,Virginia,Surfing,M,18,N
2010,SOUTH AFRICA,Western Cape Province,Swimming,M,29,Y
2010,AUSTRALIA,New South Wales,Surfing,M,15,N
2010,USA,Florida,Swimming,M,27,N
2010,TONGA,Ha'api ,Swimming /  Whale Watching,M,24,N
2010,USA,Florida,Surfing,M,,N
2010,USA,Florida,Surfing,M,24,N
2010,USA,Florida,Surfing,M,24,N
2010,SOLOMON ISLANDS,Western Province,,M,34,N
2010,BAHAMAS,Exuma Islands,Swimming after boat became disabled,M,43,No informed
2010,USA,Florida,Boogie Boarding,M,10,N
2010,AUSTRALIA,Western Australia,Surfing,M,31,Y
2010,USA,California,Kayak Fishing,M,45,N
2010,AUSTRALIA,Queensland,Fishing,F,,N
2010,SOUTH KOREA,Jeju Province,Swimming,F,16,N
2010,AUSTRALIA,New South Wales,Surfing,M,47,N
2010,USA,North Carolina,Surfing,M,25,N
2010,MALTA,,Windsurfing,M,35,N
2010,USA,Florida,Swimming,F,,No informed
2010,USA,California,Kayaking,M,,N
2010,USA,Florida,Standing,F,37,N
2010,USA,South Carolina,Standing,M,16,N
2010,USA,Florida,Surfing,M,20,N
2010,USA,South Carolina,Swimming,M,10,N
2010,USA,North Carolina,Swimming,F,13,N
2010,USA,Florida,Surfing,M,55,N
2010,SPAIN,Grand Canary Island,Swimming,M,9,N
2010,USA,Texas,Fishing,M,,N
2010,USA,Florida,Fishing,M,,N
2010,SOUTH AFRICA,KwaZulu-Natal,Snorkeling,F,21,N
2010,USA,New York,Fishing,M,20,N
2010,USA,California,Surfing,M,19,N
2010,USA,California,Stand-Up Paddleboarding,M,48,N
2010,USA,Texas,Surfing,M,20,N
2010,USA,South Carolina,Boogie Boarding,F,6,N
2010,USA,North Carolina,Swimming,F,13,N
2010,VIETNAM,Binh Dinh Province,Swimming,M,17,N
2010,USA,Florida,Boogie Boarding,F,18,N
2010,AUSTRALIA,Western Australia,Surfing,M,40,N
2010,USA,Florida,Surfing,M,20,N
2010,USA,Florida,Fishing,M,49,N
2010,VIETNAM,Binh Dinh Province,Rescuing,F,58,N
2010,VIETNAM,Binh Dinh Province,Swimming,F,60,N
2010,AUSTRALIA,New South Wales,Surfing,M,,N
2010,MADAGASCAR,Antsiranana Province,Scuba diving,M,59,N
2010,USA,Florida,Wading,F,10,N
2010,USA,Florida,Measuring sharks,M,29,N
2010,USA,Hawaii,Surfing,M,68,N
2010,SOUTH AFRICA,Eastern Cape Province,Surfing,M,35,N
2010,EGYPT,Sinai Peninsula,Swimming / treading water,M,24,N
2010,REUNION,Saint-Benoit,Surfing,M,34,N
2010,NEW ZEALAND,South Island,Swimming,M,,N
2010,SOUTH AFRICA,Eastern Cape Province,Surfing,M,,N
2010,FIJI,Off Vanua Levu,Scuba diving,M,19,Y
2010,AUSTRALIA,Queensland,Snorkeling,F,60,N
2010,AUSTRALIA,New South Wales,Surfing,M,46,N
2010,NEW ZEALAND,South Island,Spearfishing,M,,N
2010,AUSTRALIA,New South Wales,Body boarding,M,18,N
2010,USA,Florida,Surf fishing / wading,M,,N
2010,GUAM,Merizo,Spearfishing (free diving),M,31,No informed
2010,USA,Florida,Kite Boarding,M,38,Y
2010,NEW ZEALAND,South Island,Boogie Boarding,F,14,N
2010,BRAZIL,Rio Grande Do Sul,Surfing,M,29,N
2010,AUSTRALIA,Queensland,Surfing,M,,N
2010,UNITED ARAB EMIRATES (UAE),Dubai,Surfing,M,54,N
2010,AUSTRALIA,Victoria,Surfing,M,,N
2010,SOUTH AFRICA,Western Province,Standing,M,37,Y
2010,AUSTRALIA,Torres Strait,Snorkeling,F,9,N
2010,VIETNAM,Binh Dinh Province,,F,,N
2010,VIETNAM,Binh Dinh Province,,M,,N
2010,VIETNAM,Binh Dinh Province,Bathing,M,,N
2010,USA,Florida,Spearfishing,M,32,N
2010,SOUTH AFRICA,Eastern Province,Surfing,M,,N
2009,SOUTH AFRICA,Eastern Cape  Province,Wading,M,20,N
2009,AUSTRALIA,New South Wales,Swimming,M,55,N
2009,MOZAMBIQUE,Maputo Province,Swimming,M,27,N
2009,AUSTRALIA,Queensland,Kayaking,M,,N
2009,AUSTRALIA,Queensland,Spearfishing,M,18,N
2009,SOUTH AFRICA,Eastern Cape Province,Paddling on kneeboard,M,22,Y
2009,SOUTH AFRICA,KwaZulu-Natal,Surfing,M,,No informed
2009,NEW ZEALAND,South Island,Swimming to shore from capsized kayak,M,24,Y
2009,AUSTRALIA,New South Wales,Surfing,M,39,N
2009,AUSTRALIA,New South Wales,Rowing,,,N
2009,USA,New Jersey,Diving,M,58,N
2009,USA,California,Surfing,M,49,No informed
2009,USA,Florida,Wading,M,10,N
2009,USA,California,Fishing,M,31,N
2009,USA,Florida,Surfing,M,22,N
2009,USA,Florida,Surfing,F,27,N
2009,USA,Florida,Surfing,M,18,N
2009,AUSTRALIA,South Australia,Kayaking,M,25,N
2009,USA,California,Surfing,M,21,N
2009,AUSTRALIA,Victoria,Kayaking,M,27,N
2009,MOZAMBIQUE,Inhambane Province,Spearfishing,M,,N
2009,AUSTRALIA,New South Wales,Paddle-boarding,F,17,N
2009,USA,California,Surfing,M,,N
2009,USA,Hawaii,Surfing,M,54,N
2009,PANAMA,Bocas,Wading,F,10,N
2009,SCOTLAND,Fife,Diving,M,23,N
2009,AUSTRALIA,Western Australia,Diving,M,23,N
2009,USA,California,Surfing,M,,N
2009,UNITED KINGDOM,Devon,Fishing,M,39,N
2009,USA,Florida,Swimming,M,,N
2009,SOMALIA,,Fishing,M,,N
2009,BRAZIL,Pernambuco,,M,34,Y
2009,USA,North Carolina,Swimming,M,60,Y
2009,BRAZIL,Pernambuco,"Swimming, attempting to rescue a girl  believed to be drowning",M,15,Y
2009,NEVIS,,Swimming,M,,No informed
2009,SOLOMON ISLANDS,Makira-Ulawa Province,Fishing,M,,N
2009,USA,California,Surfing,M,,N
2009,SOUTH AFRICA,Western Cape Province,Surfing,M,25,Y
2009,USA,California,Swimming,F,22,N
2009,SOUTH AFRICA,KwaZulu-Natal,Body boarding,M,,N
2009,USA,Florida,Swimming,M,26,N
2009,USA,Hawaii,Surfing,M,,N
2009,USA,Louisiana,Wade Fishing,M,56,N
2009,BAHAMAS,Abaco Islands,Spearfishing,M,14,N
2009,AUSTRALIA,New South Wales,Surfing,M,14,N
2009,VIETNAM,Binh Dinh Province,Swimming,F,41,N
2009,KENYA,Mombasa,Washing his feet,M,,Y
2009,USA,Texas,Wading,F,14,N
2009,SPAIN,Catalunya,Swimming,F,11,No informed
2009,USA,North Carolina,Swimming,F,26,N
2009,USA,Florida,Swimming,F,19,N
2009,VIETNAM,Binh Dinh Province,Swimming,M,57,N
2009,BAHAMAS,,Spearfishing,M,,N
2009,USA,California,Paddle-surfing,M,,N
2009,SOUTH AFRICA,Western Cape Province,Surfing,M,37,N
2009,USA,Florida,Boogie Boarding,F,12,N
2009,USA,Florida,Swimming,F,43,N
2009,AUSTRALIA,New South Wales,Surfing,M,52,N
2009,USA,California,Surfing,M,26,No informed
2009,USA,Florida,Crawling,M,14,No informed
2009,VIETNAM,,Fishing for sharks,M,,N
2009,EGYPT,St. Johns Reef,Scuba diving,M,,N
2009,EGYPT,St. Johns Reef,Scuba diving,M,,N
2009,EGYPT,St. Johns Reef,Snorkeling,F,50,Y
2009,TAIWAN,Off Green Island,Fishing,M,46,N
2009,USA,Florida,Swimming,M,,N
2009,USA,Florida,Surfing,M,31,N
2009,USA,Florida,Surfing,M,49,N
2009,USA,Florida,Surfing,M,55,N
2009,GUAM,North Region,Spearfishing,M,27,N
2009,BAHAMAS,Exuma Islands,Spearfishing,M,48,N
2009,USA,Florida,,F,,N
2009,USA,California,Surfing,M,,N
2009,USA,Florida,Surfing,M,20,N
2009,PHILIPPINES,Batangas province,Swimming,M,23,N
2009,USA,Florida,Surfing,M,52,N
2009,USA,Florida,Surfing,M,31,N
2009,USA,Hawaii,Spearfishing,M,49,No informed
2009,AUSTRALIA,New South Wales,Surf skiing ,M,40,N
2009,SOUTH AFRICA,KwaZulu-Natal,Swimming,M,24,No informed
2009,USA,California,Spearfishing,M,,N
2009,USA,Florida,Wading,M,15,N
2009,SOUTH AFRICA,Eastern Cape Province,Fishing ,M,59,N
2009,SOUTH AFRICA,Eastern Cape Province,Surfing,M,16,Y
2009,AUSTRALIA,New South Wales,Surfing,M,17,N
2009,AUSTRALIA,New South Wales,Surfing,M,,N
2009,AUSTRALIA,New South Wales,Surfing,F,,N
2009,USA,Florida,Surfing,F,17,N
2009,MALAYSIA,Strait of Malacca,Feeding fish,F,,N
2009,USA,Hawaii,Swimming,M,61,N
2009,AUSTRALIA,Western Australia,Wading,M,21,N
2009,NEW CALEDONIA,South Province,Surfing,M,19,Y
2009,SOUTH AFRICA,Western Cape Province,Fishing,M,40,N
2009,NEW ZEALAND,North Island,Fishing,M,,N
2009,AUSTRALIA,New South Wales,Surfing,M,15,N
2009,AUSTRALIA,Queensland,Fishing,M,,N
2009,AUSTRALIA,New South Wales,Surfing,M,,N
2009,AUSTRALIA,New South Wales,Surfing,M,33,N
2009,AUSTRALIA,New South Wales,"Diving, but on the surface when bitten by the shark",M,31,N
2009,USA,Puerto Rico,Air Disaster,M,,Y
2009,AUSTRALIA,New South Wales,Surfing,M,41,N
2009,AUSTRALIA,New South Wales,Surfing,M,,N
2009,AZORES,,Fishing,M,49,N
2009,BRAZIL,,,M,17,No informed
2009,CUBA,Guantanamo Province,Spearfishing,M,15,N
2009,NEW ZEALAND,North Island,Fishing,,,N
2009,AUSTRALIA,New South Wales,Swimming,M,19,N
2009,SOUTH AFRICA,Eastern Cape Province,Swimming,M,25,Y
2009,BRAZIL,Maranhão,Swimming,M,17,No informed
2009,AUSTRALIA,Victoria,Fishing,M,,N
2009,NEW ZEALAND,South Island,Surfing,M,,N
2009,SOUTH AFRICA,Western Cape Province,,,,Y
2009,AUSTRALIA,New South Wales,Snorkeling,M,24,N
2009,AUSTRALIA,Tasmania,Surfing,F,13,N
2009,AUSTRALIA,New South Wales,Surfing,M,31,N
2009,NEW ZEALAND,North Island,Fishing,,,N
2009,ECUADOR,Galapagos Islands,Surfing,M,22,N
2009,NEW ZEALAND,North Island,Swimming,M,49,N
2009,CUBA,Guantanamo Province,Spearfishing,,,N
2008,AUSTRALIA,Western Australia,Crabbing,,,No informed
2008,AUSTRALIA,Tasmania,Yacht race,,,N
2008,AUSTRALIA,New South Wales,Boogie Boarding,M,10,N
2008,AUSTRALIA,New South Wales,Kayaking,M,29,N
2008,AUSTRALIA,Western Australia,Snorkeling,M,51,Y
2008,USA,California,Kayaking,M,,N
2008,NEW ZEALAND,North Island,Fishing,M,,N
2008,SOUTH AFRICA,Western Cape Province,Fishing,M,15,N
2008,AUSTRALIA,New South Wales,Fishing,,,N
2008,MOZAMBIQUE,Inhambane Province,Spearfishing,M,,Y
2008,EGYPT,Red Sea,Scuba diving,F,,N
2008,PHILIPPINES,Batanes Provine,Sinking of the cargo ship Mark Jason,M,,N
2008,ECUADOR,Galapagos Islands,,F,,N
2008,AUSTRALIA,South Australia,Fishing,M,,N
2008,TAIWAN,,Fishing boat swamped in storm,M,45,Y
2008,PHILIPPINES,Luzon,Fishing,M,39,Y
2008,AUSTRALIA,New South Wales,Scuba diving,M,34,N
2008,NEW CALEDONIA,,Spearfishing,M,24,N
2008,AUSTRALIA,Northern Territory,Fishing,M,50,N
2008,AUSTRALIA,New South Wales,Surfing,M,15,N
2008,USA,Florida,Fishing,M,11,N
2008,CROATIA," Split-Dalmatia Count,",Spearfishing,M,43,N
2008,USA,Florida,Surfing,M,44,N
2008,USA,Florida,Surfing,M,40,N
2008,AUSTRALIA,Northern Territory,Swimming,M,43,N
2008,USA,Florida,Swimming,M,32,N
2008,USA,Hawaii,Surfing,M,40,N
2008,USA,California,Surfing,M,,N
2008,AUSTRALIA,New South Wales,Surfing,M,51,N
2008,USA,Florida,Surfing,M,43,N
2008,USA,Florida,Surfing,M,15,N
2008,USA,Florida,Surfing,M,52,N
2008,USA,Florida,Surfing,M,,N
2008,AUSTRALIA,New South Wales,Surfing,M,29,N
2008,USA,Hawaii,Swimming,M,27,No informed
2008,ENGLAND,North Devon,Fishing,M,52,N
2008,USA,Florida,Surfing,M,19,N
2008,USA,Florida,Surfing,M,26,N
2008,USA,Florida,"Swimming, towing surfboard",M,20,N
2008,USA,North Carolina,Surfing,F,20,No informed
2008,USA,Florida,Swimming,M,47,N
2008,USA,South Carolina,,M,7,No informed
2008,USA,US Virgin Islands,Treading water,F,38,N
2008,USA,Florida,Wading,F,13,N
2008,USA,Hawaii,Diving,M,,N
2008,AUSTRALIA,Victoria,Surfing,M,31,N
2008,SOUTH AFRICA,,,M,,N
2008,PANAMA,San Carlos,Swimming or surfing,M,,N
2008,MEXICO,Cabo San Lucas,Swimming,M,33,N
2008,USA,Hawaii,Swimming,M,,N
2008,USA,Florida,Surfing,M,17,N
2008,USA,Hawaii,Snorkeling,F,44,N
2008,USA,North Carolina,Wading,M,9,N
2008,USA,North Carolina,Wading,F,8,N
2008,USA,Florida,Surfing,M,15,N
2008,USA,Florida,Wading,M,16,N
2008,EGYPT,,Diving,M,,N
2008,USA,North Carolina,Body surfing,M,52,No informed
2008,USA,South Carolina,Surfing,M,24,N
2008,USA,North Carolina,Swimming,F,14,N
2008,USA,South Carolina,,F,17,N
2008,UNITED KINGDOM,Sussex,Rowing an inflatable dinghy,M,16,N
2008,USA,Hawaii,Wading,M,53,No informed
2008,BAHAMAS,Abaco Islands,Spearfishing,M,42,N
2008,SOUTH AFRICA,Western Cape Province,Surf skiing ,M,46,N
2008,SOUTH AFRICA,Western Cape Province,Spearfishing (free diving),M,,N
2008,USA,Florida,Surfing,M,29,N
2008,USA,South Carolina,Swimming,M,37,N
2008,BRAZIL,Bahia,Surfing,M,,N
2008,USA,California,Kayaking,F,40,N
2008,USA,Florida,Wading,F,35,N
2008,BRAZIL,Pernambuco,Surfing,M,14,N
2008,USA,Florida,Body surfing,M,40,N
2008,SCOTLAND,Easter Ross,Fishing,,,N
2008,USA,South Carolina,Body surfing,F,15,N
2008,BRAZIL,Pernambuco,Swimming,M,14,N
2008,USA,North Carolina,Surfing,M,9,N
2008,BAHAMAS,Grand Bahama Island,Sea Disaster,M,,N
2008,MEXICO,Guerro,Surfing,M,49,N
2008,MEXICO,Guerro,Surfing,M,21,Y
2008,FIJI,Yasawa Islands,Night diving,M,28,Y
2008,AUSTRALIA,Western Australia,Swimming,M,37,N
2008,NEW CALEDONIA,North Province,Fishing,M,40,N
2008,USA,Florida,Wading,M,6,N
2008,SOUTH AFRICA,,Fishing,M,24,N
2008,MEXICO,Guerro,Surfing,M,24,Y
2008,USA,Florida,Surfing,M,18,N
2008,USA,Florida,Surfing,M,24,N
2008,NEW CALEDONIA,North Province,Swimming,M,32,N
2008,USA,Florida,Surfing,M,21,N
2008,USA,California,Swimming,M,66,Y
2008,USA,Florida,Surfing,M,14,N
2008,AUSTRALIA,New South Wales,,M,,UNKNOWN
2008,SOUTH AFRICA,KwaZulu-Natal,Free-diving,M,,No informed
2008,MEXICO,Quintana Roo,Swimming,M,32,No informed
2008,AUSTRALIA,Queensland,Surfing,M,19,No informed
2008,USA,Florida,Surfing,M,30,N
2008,FIJI,,Spearfishing,M,,N
2008,USA,Florida,Wading,M,15,N
2008,USA,Florida,Surfing,,,N
2008,AUSTRALIA,New South Wales,Body boarding,M,16,Y
2008,USA,Florida,Walking out of the water after surfing,M,18,N
2008,SOUTH AFRICA,KwaZulu-Natal,Fishing from surfski,M,39,N
2008,USA,Florida,Surfing,M,52,N
2008,USA,Florida,Boogie Boarding,M,,N
2008,USA,Florida,Walking out of the water after surfing,M,13,N
2008,USA,Florida,Wading,M,14,N
2008,USA,Florida,Jet skiing,M,8,N
2008,USA,California,Surfing,M,27,N
2008,BAHAMAS,Northern Bahamas,Diving,M,49,Y
2008,FRENCH POLYNESIA,Society Islands,Spearfishing,M,26,N
2008,USA,Florida,Surfing,M,25,N
2008,AUSTRALIA,New South Wales,Surfing,F,14,N
2008,USA,Florida,Surf-skiing,M,,N
2008,JAPAN,Tokyo Bay,Diving,M,,No informed
2008,SOUTH AFRICA,KwaZulu-Natal,Surf-skiing,M,42,N
2008,AUSTRALIA,Queensland,Accidentally stood on hooked shark's tail before attempting to gut it ,M,20,N
2008,NEW ZEALAND,South Island,Wading,M,,No informed
2008,NEW ZEALAND,North Island,Attempting to chase shark out to sea,,,N
2008,USA,Florida,Surfing,M,20,N
2008,USA,Florida,Fishing for snapper,M,,N
2008,MEXICO,Baja California,Surfing,M,26,N
2007,ECUADOR,Galapagos Islands,Surfing,M,24,N
2007,BRITISH VIRGIN ISLANDS,Green Bay,Scuba diving,M,53,No informed
2007,AUSTRALIA,New South Wales,Surfing,M,31,N
2007,AUSTRALIA,Queensland,Swimming,M,teen,N
2007,AUSTRALIA,New South Wales,Swimming,M,34,No informed
2007,USA,Hawaii,Surfing,M,52,N
2007,NEW ZEALAND,South Island,Surfing,F,,N
2007,BRAZIL,Pernambuco,Removing fish from a trap,M,28,N
2007,AUSTRALIA,Western Australia,Fishing,M,32,N
2007,AUSTRALIA,New South Wales,Surfing,M,,N
2007,SOUTH AFRICA,Western Cape Province,Surfing,M,14,N
2007,USA,Florida,Surfing,M,21,N
2007,USA,Florida,Surfing,M,42,N
2007,SOUTH AFRICA,Eastern Cape Province,Surfing,M,37,N
2007,MEXICO,Baja California,Shark diving,M,,No informed
2007,USA,Hawaii,Floating,M,32,N
2007,AUSTRALIA,New South Wales,Surf-skiing,F,52,N
2007,AUSTRALIA,Queensland,Spearfishing,M,31,N
2007,USA,California,Surfing,M,22,N
2007,USA,Florida,Surfing,M,16,N
2007,USA,California,Surfing,M,,N
2007,PHILIPPINES,Palawan,"The 426-ton cargo ship Mia, laden with cement, capsized in heavy seas ",M,,Y
2007,NEW CALEDONIA,Loyalty Islands,Swimming,F,23,Y
2007,BAHAMAS,Grand Bahama Island,Spearfishing,F,48,N
2007,USA,California,Surfing,F,,N
2007,EGYPT,Red Sea,Swimming,F,18 or 20,N
2007,USA,Florida,Scuba diving,F,,No informed
2007,USA,Florida,Surfing,F,,N
2007,USA,Florida,Surfing,M,23,N
2007,SOLOMON ISLANDS,Marovo Lagoon,Spearfishing,M,,N
2007,USA,Florida,Wading?,M,56,N
2007,USA,Florida,Surfing,F,Teen,N
2007,USA,Florida,Snorkeling,M,14,N
2007,USA,Florida,Wading,F,58,N
2007,USA,Florida,Wading,F,36,N
2007,USA,South Carolina,Standing,M,15,N
2007,USA,Florida,Jumping,F,12,N
2007,USA,Florida,Swimming,M,58,N
2007,USA,Hawaii,Body boarding,M,15,N
2007,USA,California,Surfing,M,24,N
2007,USA,Florida,Surfing,M,54,N
2007,USA,Florida,Surfing,M,27,N
2007,USA,North Carolina,Diving,M,,N
2007,USA,Delaware,Fishing,M,,N
2007,USA,Florida,Swimming,M,52,N
2007,USA,Florida,Surfing,M,16,N
2007,USA,South Carolina,Playing,M,7,N
2007,USA,Florida,Floating near boat & observing bioluminesce,M,20,N
2007,USA,Florida,Swimming,F,15,N
2007,USA,Florida,Walking out of the water after surfing,M,19,N
2007,USA,South Carolina,Swimming,M,30,N
2007,USA,South Carolina,Boogie Boarding,M,9,N
2007,USA,Florida,Jumped into the water,F,19,N
2007,USA,Florida,Surfing,M,51,N
2007,USA,California,Surfing,M,20,N
2007,USA,California,Surf paddling,M,,N
2007,USA,California,Kayak Fishing,M,,N
2007,USA,Hawaii,Snorkeling,M,36,N
2007,AUSTRALIA,Territory of Cocos (Keeling) Islands,Wading,M,15,N
2007,USA,North Carolina,Swimming,M,14,N
2007,NORWAY,Oslo Fjord,Scuba diving,M,48,N
2007,USA,California,Swimming,F,43,No informed
2007,USA,North Carolina,Wading,F,30,N
2007,BAHAMAS,Abaco Islands,Spearfishing,F,48,N
2007,USA,Florida,Surfing,M,18,N
2007,REUNION,,Body boarding,M,17,N
2007,USA,Florida,Removing hook from shark,M,,N
2007,USA,California,Swimming,F,,N
2007,USA,Florida,Surfing,M,20,N
2007,USA,Hawaii,Surfing,M,,N
2007,USA,Florida,Surfing,F,9,No informed
2007,USA,Florida,Swimming,F,,N
2007,AUSTRALIA,New South Wales,Surfing,M,,N
2007,USA,South Carolina,Wading,F,,N
2007,USA,Virginia,Reviving a sedated shark,F,40,N
2007,ENGLAND,Kent,Fishing,M,38,N
2007,AUSTRALIA,Western Australia,Wading,F,38,N
2007,AUSTRALIA,Victoria,Surfing,M,19,N
2007,USA,Florida,Surfing,F,21,N
2007,SEYCHELLES,Bird Island,Snorkeling,M,,N
2007,AUSTRALIA,New South Wales,Swimming,M,45,No informed
2007,USA,Hawaii,Snorkeling,F,63,N
2007,USA,Florida,Swimming,M,68,N
2007,TURKS & CAICOS,Providenciales,Sea Disaster,,,Y
2007,BAHAMAS,Bimini Islands,Shark tagging,F,20,N
2007,AUSTRALIA,Queensland,Swimming / jumping off a jetty,F,13,N
2007,USA,Florida,Body boarding,M,12,N
2007,USA,Florida,Surfing,M,24,N
2007,USA,Florida,Fishing,,,N
2007,NEW CALEDONIA,South Province,Surfing,M,26,N
2007,USA,Florida,Playing on a sandbar,M,7,N
2007,USA,Florida,Surfing,M,27,N
2007,USA,Florida,,M,9,N
2007,YEMEN,Muhafazat Hadramawt,Murder,,,Y
2007,USA,Florida,Surfing,M,11,N
2007,AUSTRALIA,New South Wales,Surfing,F,42,N
2007,USA,Florida,Shark fishing,M,,N
2007,AUSTRALIA,Queensland,Swimming,F,59,N
2007,USA,Florida,Surfing,M,29,N
2007,NEW ZEALAND,Cook islans,Spearfishing,M,16,N
2007,COSTA RICA,,Swimming,M,36,No informed
2007,AUSTRALIA,New South Wales,Boogie Boarding,M,26,N
2007,NEW CALEDONIA,Loyalty Islands,Spearfishing,M,,N
2007,NEW CALEDONIA,North Province,Spearfishing (free diving),M,30,N
2007,USA,Florida,Shrimping,,,N
2007,AUSTRALIA,New South Wales,Diving,M,41,N
2007,AUSTRALIA,New South Wales,Swimming,M,20,No informed
2007,SOUTH AFRICA,Eastern Cape Province,Swimming / Body Surfing,M,24,Y
2007,AUSTRALIA,New South Wales,Surfing,M,,N
2007,USA,New York,Surfing,M,54,No informed
2007,USA,Hawaii,Surfing,M,24,N
2006,AUSTRALIA,Victoria,Surfing,M,25,N
2006,NEW ZEALAND,North Island,Surfing,M,10,N
2006,USA,California,Surfing,M,43,N
2006,SOUTH AFRICA,KwaZulu-Natal,Fishing,M,25,N
2006,AUSTRALIA,Western Australia,Body boarding,M,15,N
2006,PHILIPPINES,Surigao del Norte,Sea Disaster,,,Y
2006,USA,Hawaii,Swimming,M,29,N
2006,SOUTH AFRICA,Eastern Cape Province,Canoeing,M,,N
2006,USA,Oregon,Surfing,M,22,N
2006,USA,Florida,Fishing,M,15,N
2006,USA,Florida,Surfing,M,20,N
2006,USA,Texas,Surfing,M,,N
2006,USA,Florida,Playing soccer in the water,M,18,N
2006,BAHAMAS,New Providence Island,Free diving / modeling,F,26,N
2006,GULF OF ADEN,Between Somalia & Yemen,Murder,,,Y
2006,SOUTH AFRICA,Western Cape Province,Spearfishing,M,36,No informed
2006,USA,Florida,Surfing,M,19,N
2006,USA,Florida,Diving / Kissing the shark,M,,N
2006,USA,North Carolina,Surfing,M,16,N
2006,USA,Florida,Swimming,M,55,N
2006,USA,Florida,Surfing,M,52,N
2006,AUSTRALIA,Queensland,Diving,M,44,No informed
2006,BRAZIL,,,M,20,Y
2006,USA,Florida,Standing,M,33,N
2006,USA,Florida,Swimming,M,12 or 13,N
2006,SOUTH AFRICA,Western Cape Province,Surfing,M,37,N
2006,USA,Oregon,Surfing,M,23,N
2006,AUSTRALIA,South Australia,Surfing,M,,N
2006,REUNION,Saint-Gilles-les-Bains,Body boarding,M,27,N
2006,BRAZIL,Pernambuco,,M,17,No informed
2006,BELIZE,Ambergris Caye,Spearfishing,M,34,No informed
2006,ITALY,,Sea Disaster,M,,Y
2006,REUNION,Saint-Pierre,Surfing,M,34,Y
2006,SOUTH AFRICA,Western Cape Province,Surfing,M,,N
2006,SOUTH AFRICA,Western Cape Province,Lifesaving drill,M,24,N
2006,USA,North Carolina,Wading,F,59,N
2006,REUNION,,Spearfishing,M,,N
2006,USA,Kentucky,Touching sharks,,,N
2006,USA,Oregon,Surfing,M,41,N
2006,USA,California,Boogie Boarding,M,,N
2006,USA,Florida,Surfing,M,15,N
2006,SOUTH AFRICA,Western Cape Province,Surf-skiing,M,19,N
2006,USA,Florida,Surfing,M,14,N
2006,USA,Texas,Surf fishing,M,,N
2006,USA,South Carolina,Standing,M,49,N
2006,SPAIN,Alicante,Swimming,F,7,No informed
2006,USA,South Carolina,Swimming,F,21,N
2006,BRAZIL,Pernambuco,,M,,Y
2006,USA,Florida,Wading,M,40,N
2006,USA,Florida,Walking,M,11,N
2006,USA,South Carolina,Body boarding,F,14,N
2006,USA,Florida,Swimming,M,13,N
2006,USA,Florida,Spearfishing,F,28,N
2006,USA,Florida,Spearfishing,M,35,N
2006,USA,Florida,Body boarding,F,9,N
2006,USA,Florida,Fishing,M,,N
2006,BAHAMAS,Andros Islands,Spearfishing,M,25,N
2006,USA,Florida,Surfing,F,22,N
2006,BRAZIL,Pernambuco,Body boarding,M,27,Y
2006,USA,California,Scuba diving,M,43,N
2006,USA,Florida,Surfing,M,24,N
2006,USA,South Carolina,Playing,F,7,N
2006,AUSTRALIA,South Australia,Surfing,M,40,N
2006,USA,Hawaii,Spearfishing,M,26,N
2006,USA,Hawaii,Tagging sharks,,,N
2006,USA,Hawaii,Surfing,M,31,N
2006,USA,Hawaii,Spearfishing,M,15,N
2006,BRAZIL,Pernambuco,Surfing,M,33,N
2006,USA,Guam,Scuba diving,F,30s,N
2006,USA,Florida,,M,,N
2006,USA,Florida,Swimming,F,20s,N
2006,AUSTRALIA,Queensland,Snorkeling,M,46,N
2006,USA,Florida,,M,,No informed
2006,USA,Florida,Surfing,M,54,N
2006,USA,Florida,Standing,F,13,N
2006,USA,Florida,Fishing,M,35,N
2006,AUSTRALIA,New South Wales,Surfing,M,15,N
2006,SOUTH AFRICA,Eastern Cape Province,Body boarding,M,15,N
2006,BRAZIL,Pernambuco,Swimming,M,35,N
2006,USA,Florida,Wading,M,11,N
2006,Sierra Leone,Western Area,Fishing,M,,Y
2006,USA,Hawaii,Surfing,F,28,N
2006,SOUTH AFRICA,Eastern Cape Province,Swimming,M,17,No informed
2006,FIJI,Vitu Levu,Surfing,M,21,N
2006,AUSTRALIA,New South Wales,Surfing,M,15,N
2006,USA,Hawaii,Standing,F,15,N
2006,USA,Hawaii,Free diving,M,45,No informed
2006,AUSTRALIA,Queensland,Wading,M,18,N
2006,AUSTRALIA,Queensland,Swimming,M,,N
2006,AUSTRALIA,South Australia,Fishing,M,,N
2006,SOUTH AFRICA,Eastern Cape Province,Surfing,M,15,N
2006,TONGA,Vava'u,Swimming,F,24,Y
2006,USA,Hawaii,Kayaking,M,57,N
2006,ATLANTIC OCEAN,300 miles from Antigua,Competing in the Woodvale Atlantic Rowing Race,M,46 & 34,N
2006,SOUTH AFRICA,Eastern Cape Province,Spearfishing,M,34,N
2006,ATLANTIC OCEAN,800 miles from land,Competing in the Woodvale Atlantic Rowing Race,F,"28, 23 & 30",N
2006,USA,California,Night Surfing,M,,N
2006,AUSTRALIA,Western Australia,Scuba diving,M,52,N
2006,BAHAMAS,Grand Bahama Island,Diving for lobsters,M,,No informed
2006,AUSTRALIA,Queensland,Swimming,F,21,Y
2006,USA,Florida,Surfing,M,21,N
2006,SOUTH AFRICA,Western Cape Province,Diving for crayfish,M,49,N
2005,USA,Oregon,Surfing,M,30,N
2005,USA,Hawaii,Swimming,M,29,N
2005,ATLANTIC OCEAN,600 nm west of the Canary Islands,Competing in the Woodvale Atlantic Rowing Race,,,N
2005,AUSTRALIA,Queensland,Spearfishing,M,44,N
2005,AUSTRALIA,South Australia,Fishing,,,N
2005,USA,Florida,Surfing,M,teen,N
2005,USA,Florida,Surfing,M,23,N
2005,AUSTRALIA,Victoria,Fishing,,,N
2005,AUSTRALIA,Victoria,Surfing,M,18,N
2005,SOUTH AFRICA,Eastern Cape Province,Surfing,M,26,N
2005,NEW CALEDONIA,Loyalty Islands,Spearfishing,,,N
2005,USA,Florida,Surfing,M,30s,N
2005,USA,Florida,Surfing,M,17,N
2005,SOUTH AFRICA,Eastern Cape Province,Fishing for sharks,M,32,N
2005,USA,Florida,Surfing,M,18,N
2005,USA,California,Surfing,M,25,N
2005,USA,California,Surfing,M,26,N
2005,USA,Florida,Wading,M,15,N
2005,ST. MAARTIN,Simpson Bay,Standing,M,55,N
2005,SOUTH AFRICA,Western Cape Province,Standing / Surfing,M,20,N
2005,USA,California,Surfing,M,36,N
2005,USA,California,Surfing,F,20,N
2005,USA,Florida,Wading,M,15,N
2005,USA,Hawaii,Surfing,M,22,N
2005,GRAND CAYMAN,East Wall,Scuba diving,F,57,N
2005,USA,Florida,Treading water/ Surfing,M,48,N
2005,BAHAMAS,Abaco Islands,Diving,M,35,N
2005,SOUTH AFRICA,Western Cape Province,Surf-skiing,M,52,N
2005,AUSTRALIA,New South Wales,Surfing,M,28,N
2005,AUSTRALIA,South Australia,Surfing,M,26,N
2005,AUSTRALIA,Western Australia,Surfing,M,44,N
2005,USA,Florida,Surfing,M,,No informed
2005,USA,South Carolina,Body surfing,F,68,N
2005,USA,South Carolina,Surfing,M,18,Y
2005,AUSTRALIA,New South Wales,Standing,M,15,N
2005,USA,North Carolina,Wading,F,18,N
2005,AUSTRALIA,South Australia,Surfing,M,40,N
2005,USA,Florida,Standing / Surfing,M,62,N
2005,THAILAND,,Removing shark from net,M,21,Y
2005,AUSTRALIA,South Australia,Scuba diving,M,23,Y
2005,USA,California,Surfing,M,37,N
2005,USA,South Carolina,"Boogie boarding, kicked at object in the water",M,17,No informed
2005,USA,South Carolina,Swimming,M,8,N
2005,USA,Texas,Walking,M,12,N
2005,USA,North Carolina,Surfing,M,16,N
2005,USA,South Carolina,Swimming,M,14,N
2005,Seychelles,Inner Islands,Fishing,M,,No informed
2005,USA,Florida,Wading,F,13,N
2005,USA,Florida,Surfing,M,61,N
2005,USA,Florida,Surfing,M,25,No informed
2005,LIBERIA,,Swimming,M,,No informed
2005,CHINA,Shanghai,Scuba diving in aquarium tank,M,24,N
2005,USA,North Carolina,Swimming,M,22,N
2005,USA,Texas,Holding onto an inflatable boat,F,14,N
2005,USA,Florida,Standing,M,19,N
2005,USA,Florida,Fishing,M,16,N
2005,USA,Florida,Swimming with boogie board,F,14,Y
2005,VANUATU,Malampa Province,Swimming,F,7,Y
2005,MEXICO ,Baja California,Surfing,M,,N
2005,USA,Hawaii,Swimming,M,49,No informed
2005,USA,Florida,Swimming,M,20,N
2005,SOUTH KOREA,South Ch'ungch'ong Province,Diving,F,38,N
2005,USA,South Carolina,Boogie boarding,F,11,N
2005,USA,New Jersey,Surfing,M,17,No informed
2005,SOUTH AFRICA,Western Cape Province,Spearfishing (Free diving),M,22,Y
2005,USA,Texas,Wading,M,6,N
2005,USA,Florida,Swimming,M,33,N
2005,USA,Florida,Crouching in 2' of water,F,,N
2005,SOUTH AFRICA,Eastern Cape Province,Surfing,M,32,N
2005,AUSTRALIA,Queensland,Spearfishing,M ,,N
2005,USA,Hawaii,Kayaking,,,N
2005,MADAGASCAR,,Fishing,M,,N
2005,USA,South Carolina,Sea Disaster,M,Teens,N
2005,USA,Hawaii,Surfing,M,47,N
2005,AUSTRALIA,New South Wales,Fishing,M,25,N
2005,AUSTRALIA,Northern Territory,Spearfishing,M,20,N
2005,AUSTRALIA,New South Wales,Surfing,M,40,N
2005,USA,Florida,Wading,F,70,N
2005,USA,Florida,Surfing,M,52,No informed
2005,USA,Texas,Surfing,M,37,N
2005,USA,Florida,,F,,N
2005,HONDURAS,Bay Islands,SCUBA Diving,F,,No informed
2005,SOUTH AFRICA,Western Cape Province,Surfing,M,32,N
2005,AUSTRALIA,New South Wales,Surfing,M,,N
2005,VENEZUELA,,Surfing,M,,N
2005,AUSTRALIA,Western Australia,Snorkeling,M,26,Y
2005,USA,New Mexico,Diving in aquarium display tank,M,45,N
2005,SOUTH AFRICA,KwaZulu-Natal,,M,51,No informed
2005,NEW ZEALAND,North Island,Fishing,M,,N
2005,SOLOMON ISLANDS,Santa Isabel Province,Diving,M,,N
2005,AUSTRALIA,Queensland,Swimming,M,18,N
2005,USA,Florida,Spearfishing,M,,N
2005,USA,Hawaii,Surfing,M,,N
2005,USA,Florida,Spearfishing,M,,N
2005,BRAZIL,Bahia,Surfing,M,12,N
2005,CUBA,Santiago de Cuba Province,Swimming,M,19,N
2005,AUSTRALIA,Victoria,Spearfishing,M,,N
2005,AUSTRALIA,Victoria,Attempting to drive shark away from sailing regatta,,,N
2005,NEW ZEALAND,North Island,Fishing from a kayak,M,39,N
2004,SRI LANKA,Eastern Province,"Swept out to sea by the tsunami, she clung  to a log for 24 hours",F,11,No informed
2004,AUSTRALIA,South Australia,Scurfing (surfboard being  towed behind a boat),M,18,Y
2004,AUSTRALIA,Queensland,Spearfishing,M,38,Y
2004,SOUTH AFRICA,Eastern Cape Province,Surfing,M,20,N
2004,SOUTH AFRICA,Eastern Cape Province,Playing,M,16,N
2004,SOUTH AFRICA,Western Cape Province,Swimming,F,77,Y
2004,USA,California,Surfing,lli,38,N
2004,VANUATU,Malampa Province,Snorkeling,M,30s,N
2004,NEW CALEDONIA,North Province,Diving,,,N
2004,CUBA,Camaguey Province,Diving,M,40,N
2004,SOUTH AFRICA,Western Cape Province,Chumming for white sharks,M,52,N
2004,AUSTRALIA,New South Wales,Surfing,M,59,N
2004,USA,California,Surfing,M,,N
2004,USA,Hawaii,Spearfishing,M,34,N
2004,SOUTH AFRICA,Eastern Cape Province,Surfing,M,34,N
2004,REUNION,Conservatória District,Body boarding,M,15,N
2004,USA,California,Surfing,M,16,N
2004,USA,California,Surfing,M,40,N
2004,AUSTRALIA,Queensland,Spearfishing/ filming,,,N
2004,USA,Oregon,Surfing,M,26,N
2004,USA,Texas,Surf fishing,M,,No informed
2004,BRAZIL,Pernambuco,Swimming,,,Y
2004,USA,South Carolina ,Jumping,F,17,N
2004,USA,Florida,Walking,F,38,N
2004,BRAZIL,Pernambuco,Bathing,M,24,N
2004,USA,California,Surfing,M,,N
2004,USA,California,Diving,M,50,Y
2004,USA,Florida,Swimming,M,47,N
2004,AUSTRALIA,New South Wales,Spearfishing,M,30,N
2004,SOUTH AFRICA,KwaZulu-Natal,Fishing,,,N
2004,USA,Florida,Surfing,F,20,N
2004,RUSSIA,Kuril Islands in the Pacific,Diving & fishing with net,M,,N
2004,USA,North Carolina,Surfing,F,28,N
2004,USA,North Carolina,Swimming,F,13,N
2004,USA,Texas,Swimming,F,19,N
2004,USA,Texas,Wading / fishing & carrying a bag of fish,M,11,N
2004,AUSTRALIA,Western Australia,Fishing,,,N
2004,JAPAN,Wakayama Prefecture,Fishing for squid aboard the trawler Shikishima-Maru when the shark leapt into the boat,M,51,N
2004,AUSTRALIA,Western Australia,Surfing,M,30,Y
2004,EGYPT,Sinai Peninsula,Snorkeling,F,Teen,N
2004,USA,Alabama,Wading,M,7,N
2004,USA,California,Surfing,M,45,N
2004,AUSTRALIA,Western Australia,Crayfishing,M,,No informed
2004,USA,Florida,In water with diving seabirds,F,,N
2004,AUSTRALIA,Western Australia,Body boarding,M,17,N
2004,USA,Florida,Swimming,M,8,N
2004,SOUTH AFRICA,Western Cape Province,"Swimming, poaching perlemoen",M,21,Y
2004,USA,Texas,Wading,M,16,N
2004,BRAZIL,Pernambuco,Swimming,M,17,N
2004,USA,California,Surfing,M,44,N
2004,USA,Florida,Boogie-boarding / swimming,M,9,N
2004,USA,Florida,Swimming,M,9,No informed
2004,USA,Florida,,F,9,N
2004,BRAZIL,Pernambuco,Wading,F,24,N
2004,BAHAMAS,Abaco Islands,Free diving & spearfishing,M,63,N
2004,USA,Texas,Tandem surfing,M,28,N
2004,BRAZIL,Pernambuco,Swimming,M,22,Y
2004,AUSTRALIA,New South Wales,Diving,M,,N
2004,NEW ZEALAND,North Island,Fishing,,,N
2004, TONGA,Nuku'alofa,Five men on makeshift raft after their 10 m fishing boat  capsized and sank in rough seas. Survivors rescued after  7.5 hours in the water,M,,Y
2004, TONGA,Nuku'alofa,Five men on makeshift raft after their 10 m fishing boat  capsized and sank in rough seas. Survivors rescued after  7.5 hours in the water,M,,Y
2004,USA,Hawaii,Surfing,M,57,Y
2004,SOUTH AFRICA,Western Cape Province,Surfing,M,16,N
2004,USA,Hawaii,Surfing,F,22,No informed
2004,USA,Florida,,M,26,N
2004,USA,Florida,Surfing,M,20,N
2004,BRAZIL,Pernambuco,Body boarding,M,22,N
2004,USA,Florida,Surfing,M,,N
2004,REUNION,Saint-Benoît,Surfing,M,20,N
2004,USA,Florida,Swimming,M,61,N
2004,USA,Hawaii,Snorkeling,F,,N
2004,NEW ZEALAND,North Island,Spearfishing,M,,N
2004,USA,Hawaii,Surfing,M,51,N
2004,AUSTRALIA,Western Australia,Spearfishing,M,47,N
2004,BRAZIL,Pernambuco,Swimming,M,29,Y
2004,NEW ZEALAND,"South Island, near Karitane north of Dunedin",Surfing,M,15,N
2004,AUSTRALIA,New South Wales,Swimming,M,,N
2004,AUSTRALIA,Queensland,Free diving & spearfishing,M,31,No informed
2004,EGYPT,,Snorkeling,M,,Y
2004,AUSTRALIA,New South Wales,Snorkeling,M,22,N
2004,AUSTRALIA,Western Australia,Scuba diving,M,46,N
2004,URUGUAY,Rocha,Surfing,M,21,N
2004,NEW ZEALAND,Northlands,Boogie boarding,M,,No informed
2004,VENEZUELA,Anzoategui,Swimming,M,,N
2004,VENEZUELA,Anzoategui,Spearfishing,M,40,N
2004,SOUTH AFRICA,KwaZulu-Natal,Surf skiing,M,,N
2004,AUSTRALIA,New South Wales,Diving,M,,N
2004,SOUTH AFRICA,Eastern Cape Province,Surfing,M,22,N
2004,NEW ZEALAND,North Island,Kayaking (returning from spearfishing),M,,No informed
2004,EGYPT,Sinai Peninsula,Air disaster. Flash Airlines Boeing 737 crashed into the Red Sea,,,Y
2004,AUSTRALIA,Western Australia,Surfing,M,,N
2003,SOUTH AFRICA,KwaZulu-Natal,,,,N
2003,USA,Florida,Swimming,M,28,No informed
2003,USA,Florida,Swimming,M,13,N
2003,NEW ZEALAND,Cook Islands,Swimming / shipwreck,M,45,Y
2003,AUSTRALIA,Victoria,Surfing amid a shoal of sharks,M,36,N
2003,AUSTRALIA,Western Australia,Swimming,M,,N
2003,AUSTRALIA,Western Australia,Swimming,M,,N
2003,SOUTH AFRICA,KwaZulu-Natal,Spearfishing,M,21,Y
2003,USA,Florida,Surfing,F,35,N
2003,INDIA,Tamil Nadu,Swimming or surfing,M,35,N
2003,USA,Florida,Surfing,M,24,N
2003,EGYPT,Sinai Peninsula,Snorkeling,M,,N
2003,SOUTH AFRICA,KwaZulu-Natal,Surf skiing,,,N
2003,AUSTRALIA,New South Wales,Standing,M,,N
2003,PANAMA,Pearl Islands,Spearfishing,M,,N
2003,USA,Florida,Surfing,M,18,N
2003,AUSTRALIA,New South Wales,Surfing,M,22,N
2003,USA,Hawaii,Surfing,F,13,N
2003,USA,Florida,Surfing,M,46,N
2003,USA,Hawaii,Snorkeling,M,56,No informed
2003,USA,Florida,Surfing,M,19,N
2003,USA,Florida,Swimming to shore from boat or kayak,M,,Y
2003,USA,Florida,Surfing,F,,N
2003,USA,Florida,Surfing,M,18,N
2003,USA,Florida,Surfing,M,30,N
2003,USA,Florida,Sitting on surfboard,M,50,N
2003,USA,Hawaii,Wading near a fishing net,F,41,N
2003,FIJI,Taveuni,Wading to shore from his boat,M,40,Y
2003,USA,Florida,Surfing,M,16,N
2003,USA,Florida,Surfing,M,21,N
2003,USA,Florida,Surfing,M,19,N
2003,USA,Florida,Surfing,M,17,N
2003,USA,Florida,Surfing,M,30,N
2003,SOUTH AFRICA,Western Cape Province,Fishing ,,36 & 26,N
2003,USA,Florida,Swimming,F,8 or 10,No informed
2003,USA,Florida,Body boarding,M,18,N
2003,USA,South Carolina,"Standing, stepped on shark",M,15,N
2003,SOUTH AFRICA,Western Cape Province,Body boarding,M,19,Y
2003,USA,Florida,Wade-fishing,M,,N
2003,USA,Texas,Fishing,M,,N
2003,USA,California,"Swimming, wearing black wetsuit & swim fins",F,50,Y
2003,USA,California,Swimming,M,31,No informed
2003,SOUTH AFRICA,Eastern Cape Province,Sitting on surfboard,M,16,N
2003,AUSTRALIA,Northern Territory,Surf skiing,M,37,N
2003,USA,Florida,Surfing,M,18,N
2003,USA,Florida,Wading,F,15,N
2003,BAHAMAS,Abaco Islands,Spearfishing,M,58,N
2003,USA,Florida,"Walking, carrying surfboard & stepped on shark",M,10,N
2003,USA,Florida,Surfing,M,21,N
2003,BAHAMAS,Abaco Islands,Spearfishing,M,39,N
2003,USA,Florida,Spearfishing,M,,N
2003,FRENCH POLYNESIA,Society Islands,Spearfishing,M,,N
2003,NEW ZEALAND,Cook Islands,Snorkeling,M,,N
2003,USA,Florida,Surfing,M,17,N
2003,USA,Florida,Surfing,M,15,N
2003,BRAZIL,Pernambuco,,M,,Y
2003,USA,Florida,Standing,F,12,N
2003,USA,Hawaii,Swimming with pod of dolphins,M,60,N
2003,USA,Johnston Atoll,Swimming,M,51,N
2003,USA,North Carolina,Surfing ,M,33,N
2003,USA,Florida,Surfing,,15,N
2003,USA,South Carolina,Swimming,F,22,No informed
2003,USA,Florida,Surfing,M,18,N
2003,USA,Florida,Wading,M,22,N
2003,USA,Hawaii,Swimming,M,20,N
2003,USA,Florida,Surfing,M,34,N
2003,USA,Florida,Walking,F,9,N
2003,PHILIPPINES,Baatan,,,,N
2003,BRAZIL,Rio de Janeiro,Killing  sharks,M,,N
2003,BRAZIL,Rio de Janeiro,Swimming ,M,16,N
2003,BRAZIL,Pernambuco,Surfing,M,17,N
2003,BRAZIL,Rio de Janeiro,Swimming,M,7,N
2003,USA,Florida,Surfing,M,36,N
2003,USA,Florida,Surfing,M,17,N
2003,USA,Florida,Surfing,M,30,N
2003,USA,Florida,Surfing,M,23,N
2003,USA,Florida,Surfing,M,18,N
2003,USA,Florida,Jumping,M,11,N
2003,USA,Florida,Surfing,M,12,N
2003,USA,Florida,Swimming (using a float),M,20,N
2003,VENEZUELA,Nueva Esparta,Surfing,M,28,N
2003,USA,Florida,Surfing,M,,N
2003,USA,Florida,Surfing,M,50,N
2003,USA,Florida,Petting captive sharks,F,,N
2003,NEW ZEALAND,Southland,Scuba diving,M,44,N
2003,AUSTRALIA,South Australia,Wading,M,37,N
2003,USA,Florida,Swimming,M,54,N
2003,AUSTRALIA,New South Wales,Swimming,M,24,N
2003,AUSTRALIA,Queensland,Swimming,M,84,Y
2003,SOUTH AFRICA,Western Cape Province,Unknown,M,14,No informed
2003,COSTA RICA,North Pacific coast,Surfing,M,,N
2003,AUSTRALIA,Western Australia,Surfing,F,,N
2002,AUSTRALIA,Queensland,Snorkeling,F,18,N
2002,SOUTH AFRICA,Western Cape Province,Snorkeling,M,25,N
2002,AUSTRALIA,Queensland,Scuba diving,M,26,N
2002,AUSTRALIA,Queensland,Swimming,M,11,No informed
2002,AUSTRALIA,Queensland,Swimming,M,23,Y
2002,BRAZIL,Pernambuco,Surfing,M,19,Y
2002,MICRONESIA,Caroline Islands,Scuba diving,M,,N
2002,USA,California,Body boarding,M,48,N
2002,USA,Hawaii,Swimming,F,34,N
2002,TURKS & CAICOS,Caicos Bank,Snorkeling,F,41,N
2002,USA,Florida,Surfing,M,21,N
2002,USA,Florida,Boogie boarding,M,16,N
2002,FRENCH POLYNESIA,Society Islands,"Fishing, standing in 2' of water",M,52,N
2002,USA,Hawaii,Swimming,F,60,N
2002,BRAZIL,Pernambuco,Swimming,M,36,Y
2002,USA,Florida,Surfing,M,21,N
2002,USA,Florida,Surfing,M,14,N
2002,USA,Florida,Surfing,M,35,N
2002,USA,Florida,Surfing,M,18,N
2002,USA,Florida,Surfing,M,47,N
2002,USA,Florida,Surfing,M,32,N
2002,USA,Hawaii,Fishing from Surfboard,M,55,N
2002,USA,Florida,Fishing,M,  ,N
2002,TONGA,Vava'u,Swimming,M, ,N
2002,USA,Oregon,Boogie boarding or Surfing,M,24,N
2002,USA,California,Surfing,M,35,N
2002,BRAZIL,Pernambuco,Swimming,M,19,N
2002,USA,Hawaii,Body boarding,,,N
2002,SOUTH AFRICA,Western Cape Province,Surf skiing,M,47,N
2002,USA,Florida,Boogie boarding,M,20,N
2002,USA,Florida,"Wading, when he stepped on the shark",M,36,N
2002,USA,Hawaii,Surfing,M,16,N
2002,USA,Alabama,Swimming,F,29,N
2002,USA,Florida,Surfing,M,27,N
2002,USA,Florida,Surfing,M,15,N
2002,USA,Florida,Standing,M,15,N
2002,UNITED KINGDOM,Cheshire,Diving,M,30,N
2002,USA,North Carolina,Standing,M,14,N
2002,USA,South Carolina,Surfing,M,13,N
2002,USA,North Carolina,Swimming,F,15,N
2002,USA,Florida,Surfing,M,19,N
2002,USA,Maryland,Shark Fishing,M,41,Y
2002,BRAZIL,Pernambuco,Surfing,M,22,N
2002,USA,North Carolina,Standing,F,9,N
2002,AUSTRALIA,Queensland,Surfing,M,30,N
2002,USA,Florida,Swimming,F,11,N
2002,PAPUA NEW GUINEA,Louisiade Archipelago,Attempting to retreive a dinghy,,,Y
2002,USA,Hawaii,Sitting on surfboard,,,N
2002,USA,Florida,Surfing,M,28,N
2002,USA,Florida,Surfing,M,50,N
2002,USA,Florida,Swimming,M,10,N
2002,SOUTH AFRICA,KwaZulu-Natal between Port Edward and Port St Johns,Snorkeling (filming the sardine run),M,50,N
2002,USA,California,Surfing,M,24,N
2002,USA,Florida,Floating on a raft,M,16,N
2002,USA,Florida,"Fishing, removing the shark from his line",M,55,N
2002,USA,Florida,Playing in the surf with his 2 dogs,M,35,N
2002,COSTA RICA,Guanacaste,Surfing,M,,N
2002,PAPUA NEW GUINEA,Milne Bay Province,Collecting beche-de-mer,M,14,N
2002,USA,Florida,Fishing,M,31,N
2002,BRAZIL,Pernambuco,Surfing,M,40,N
2002,AUSTRALIA,Northern Territory,Fishing from prawn trawler,M,20,N
2002,AUSTRALIA,South Australia,Scallop diving (using surface-supplied air & a POD) ,M,23,Y
2002,AUSTRALIA,New South Wales,Fishing (Drowned 2-Apr-2002),M,52,No informed
2002,USA,Florida,"Surfing, but standing in water alongside board",M,34,N
2002,USA,Florida,Surfing,M,28,N
2002,AUSTRALIA,New South Wales,Swimming,M,45,N
2002,BAHAMAS,Abaco Islands,Standing,M,43,N
2002,USA,Florida,Wading,M,41,N
2002,USA,Florida,Swimming / Wading,M,29,N
2002,USA,Hawaii,Body-boarding,M,17,N
2002,USA,Florida,Wading,F,11,N
2002,BRAZIL,Pernambuco,Swimming,M,16,Y
2002,USA,Florida,Swimming /  boogie boarding,M,20,N
2002,USA,Florida,Snorkeling,M,39,N
2002,USA,Florida,Surfing,M,31,N
2002,NEW CALEDONIA,Loyalty Islands,Spearfishing,M,44,No informed
2002,TURKS & CAICOS,,Capsized fishing boat,M,,Y
2002,AUSTRALIA,Queensland,Surfing,M,30 or 36,N
2002,FIJI,Cikobia Island (north of Vanua Levu),,M,15,Y
2002,AUSTRALIA,New South Wales,Kayaking,M,35,N
2002,AUSTRALIA,New South Wales,Surfing,M,20,N
2002,AUSTRALIA,Western Australia,Swimming,M,32,N
2002,SOUTH AFRICA,KwaZulu-Natal,Fishing,M,16,N
2002,BRAZIL,Pernambuco,Swimming,,,Y
2002,SOUTH AFRICA,KwaZulu-Natal,Surf skiing,M,26,N
2002,USA,Hawaii,Snorkeling,M,35,N
2001,AUSTRALIA,Western Australia,Surfing,M,36,N
2001,AUSTRALIA,New South Wales,Surfing,M,49,N
2001,USA,Hawaii,Surfing,,,N
2001,AUSTRALIA,Western Australia,Surf-skiing,M,,No informed
2001,SOUTH AFRICA,KwaZulu-Natal,Kite-Boarding,M,,N
2001,AUSTRALIA,Queensland,Snorkeling,F,20,N
2001,MEXICO,Guerrero,Body surfing,M,26,N
2001,AUSTRALIA,Queensland,,M,31,N
2001,USA,Florida,"Surfing, fell off surfboard & stepped on the shark.",M,21,N
2001,USA,Florida,Surfing,M,14,N
2001,USA,Florida,Wreck / Technical diving,M,42,Y
2001,USA,Florida,Boogie boarding,M,6½,N
2001,USA,North Carolina,Surfing,M,16,N
2001,UNITED KINGDOM,Cheshire,Diving,M,,N
2001,USA,Florida,Fishing,M,44,N
2001,USA,Florida,Walking in shallows,M,13,N
2001,USA,South Carolina,Swimming,F,,N
2001,USA,North Carolina,Swimming ,M,28,Y
2001,USA,North Carolina,Swimming,F,23,N
2001,USA,Florida,Wading,M,20,N
2001,USA,Virginia,Swimming ,M,10,Y
2001,BAHAMAS,Abaco Islands,Spearfishing,M,44,N
2001,USA,Florida,Standing,F,29,N
2001,USA,Florida,Wading,M,69,N
2001,USA,Florida,Boogie Boarding,M,18,N
2001,USA,Florida,Boogie Boarding,M,18,N
2001,USA,Florida,Surfing,M,17,N
2001,USA,Florida,Surfing,M,27,N
2001,USA,Florida,Surfing,M,32,N
2001,USA,Florida,Surfing,F,17,N
2001,USA,Florida,Surfing,F,17,N
2001,USA,Florida,Surfing,M,20,N
2001,USA,Florida,Surfing,M,19,N
2001,USA,Florida,Surfing,M,19,N
2001,BAHAMAS,Grand Bahama Island,Spearfishing,M,43,N
2001,THAILAND,Rayong Province,Fell off banana boat,M,21 & ?,N
2001,USA,South Carolina,,F,,N
2001,BAHAMAS,Grand Bahama Island,Swimming,M,36,N
2001,ITALY,,Fishing,,,N
2001,USA,South Carolina,,F,,N
2001,USA,Florida,,M,,N
2001,USA,Florida,,F,,N
2001,USA,Massachusetts,Fishing,,,N
2001,USA,Florida,Surfing,M,48,N
2001,USA,Florida,Boogie boarding,M,18,N
2001,MEXICO,Baja California,Surfing,M,42,N
2001,USA,Florida,Swimming,M,8,N
2001,USA,Georgia,Floating face-down in knee-deep water,M,35,N
2001,USA,Texas,Swimming,M,14,N
2001,USA,California,Spearfishing,M,52,N
2001,AUSTRALIA,New South Wales,Hiking on the beach,M,75,No informed
2001,USA,South Carolina,Wading,F,29,N
2001,USA,Texas,,M,16,N
2001,USA,South Carolina,Swimming,M,11,N
2001,USA,South Carolina,Swimming,M,,N
2001,PHILIPPINES,Zamboanga del Sur Province,Shark fishing,M,24,N
2001,MADAGASCAR,,,M,,No informed
2001,SOUTH AFRICA,Eastern Cape Province,Surfing,M,26,N
2001,AUSTRALIA,New South Wales,Surfing,M,33 or 37,N
2001,USA,Florida,Surfing,M,45,N
2001,FIJI,Taveuni,"Spearfishing, carrying his catch",M,,Y
2001,USA,Florida,Boogie boarding,M,14,N
2001,USA,Florida,Surfing,M,16,N
2001,USA,Florida,Surfing,M,12,N
2001,USA,Florida,,M,mid-30s,N
2001,USA,Florida,Surfing,M,38,N
2001,USA,Florida,Surfing,M,21,N
2001,USA,Florida,Body boarding,M,12,N
2001,USA,Florida,Surfing,M,22,N
2001,USA,Florida,Surfing,M,19,N
2001,USA,Florida,Surfing,M,22,N
2001,USA,Hawaii,Surfing,M,,N
2001,USA,Florida,Surfing,,16,N
2001,SOUTH AFRICA,Eastern Cape Province,Surfing,M,46,N
2001,AUSTRALIA,New South Wales,Snorkeling,M,,N
2001,USA,Florida,Standing alongside surfboard,M,26,N
2001,BRAZIL,Rio Grande de Norte,Batin,F,12,N
2001,AUSTRALIA,New South Wales,Surfing,M,40,N
2001,USA,Hawaii,Body-boarding,M,,N
2001,USA,Florida,Surfing,M,,N
2001,BRAZIL,Bahia,Attempting to catch a crocodile,M,12,No informed
2001,BRAZIL,Pernambuco,Swimming,M,20,Y
2001,CARIBBEAN SEA,,Sinking of the 40' Esperanza off St. Maartin with 36 refugees on board,,,Y
2001,AUSTRALIA,Western Australia,Fishing for whiting,,,N
2001,MALAYSIA,Off the western coast of peninsular Malaysia,Unknown,F,,No informed
2001,AUSTRALIA,New South Wales,Surfing,M,40,N
2001,AUSTRALIA,New South Wales,Kayaking,M,35,N
2001,CUBA,Holquin Province,Swimming,F,55,N
2001,AUSTRALIA,South Australia,Fishing,,,N
2001,USA,California,Surfing,M,,N
2001,NEW ZEALAND,North Island,Kayaking,M,,N
